generation,genome,fitness
0,3.70969,0.919669
0,3.33201,3.20824
0,3.43823,2.66796
0,3.121,0.630962
0,3.639,0.908024
0,3.92255,1.70957
0,3.13861,0.946277
0,3.67841,0.86648
0,3.9391,1.69352
0,3.2253,2.38718
0,3.39265,3.0378
0,3.9175,1.71073
0,3.07714,-0.108551
0,3.66486,0.866195
0,3.64905,0.884983
0,3.44402,2.61076
0,3.76943,1.16982
0,3.38485,3.08301
0,3.1808,1.69268
0,3.58171,1.20384
0,3.03472,-0.692559
0,3.43698,2.68007
0,3.5326,1.64845
0,3.12876,0.769351
0,3.77069,1.17633
0,3.22982,2.4488
0,3.17854,1.65415
0,3.73677,1.01478
0,3.23493,2.51609
0,3.52413,1.73742
0,3.7068,0.911952
0,3.02749,-0.774168
0,3.65604,0.874076
0,3.99616,1.50203
0,3.85043,1.57203
0,3.05851,-0.385434
0,3.61885,0.980566
0,3.66586,0.865708
0,3.64437,0.894633
0,3.79166,1.28736
0,3.93319,1.70141
0,3.12838,0.762467
0,3.96186,1.64121
0,3.78572,1.25566
0,3.85914,1.60447
0,3.74414,1.04673
0,3.88555,1.67847
0,3.04635,-0.549511
0,3.13629,0.904499
0,3.38337,3.0909
1,3.73677,1.01478
1,3.22982,2.4488
1,3.93319,1.70141
1,3.52413,1.73742
1,3.1808,1.69268
1,3.03087,-0.736785
1,4.40754,1.93254
1,3.44402,2.61076
1,3.23493,2.51609
1,3.52413,1.73742
1,3.79166,1.28736
1,3.85043,1.57203
1,3.17854,1.65415
1,3.52413,1.73742
1,3.66586,0.865708
1,3.43823,2.66796
1,3.99616,1.50203
1,3.88555,1.67847
1,3.23493,2.51609
1,3.37317,3.13877
1,3.2253,2.38718
1,3.33201,3.20824
1,3.5326,1.64845
1,3.17854,1.65415
1,3.43823,2.66796
1,3.17854,1.65415
1,4.31563,1.05367
1,3.73677,1.01478
1,3.59093,1.13808
1,3.43823,2.66796
1,3.33044,3.20669
1,2.81601,-0.472289
1,3.77069,1.17633
1,3.92255,1.70957
1,3.26645,2.86887
1,4.33847,1.26477
1,3.23493,2.51609
1,3.6634,0.867055
1,3.33201,3.20824
1,2.9176,-1.21686
1,3.23493,2.51609
1,3.26059,2.81186
1,3.44402,2.61076
1,3.93319,1.70141
1,3.23493,2.51609
1,3.5326,1.64845
1,3.33201,3.20824
1,3.9175,1.71073
1,4.39155,1.78506
1,3.85043,1.57203
2,3.52413,1.73742
2,3.26059,2.81186
2,3.85043,1.57203
2,3.33201,3.20824
2,3.20687,2.11718
2,3.43823,2.66796
2,3.52413,1.73742
2,3.37317,3.13877
2,3.49968,2.00548
2,3.33201,3.20824
2,3.26645,2.86887
2,3.33201,3.20824
2,3.37317,3.13877
2,3.52413,1.73742
2,3.61918,0.979097
2,3.26059,2.81186
2,3.17854,1.65415
2,3.52339,1.74533
2,3.43823,2.66796
2,3.33201,3.20824
2,3.44402,2.61076
2,3.33201,3.20824
2,3.59686,1.09927
2,2.98564,-1.12396
2,3.9175,1.71073
2,3.08697,0.0481802
2,3.22982,2.4488
2,3.59095,1.13795
2,3.70465,0.906556
2,3.43823,2.66796
2,4.4147,1.99503
2,3.26645,2.86887
2,3.17854,1.65415
2,3.33044,3.20669
2,3.52413,1.73742
2,3.23493,2.51609
2,3.67162,0.864498
2,4.39155,1.78506
2,3.44402,2.61076
2,3.92255,1.70957
2,2.97985,-1.15498
2,3.33201,3.20824
2,3.33201,3.20824
2,3.81144,1.39166
2,3.33044,3.20669
2,3.92255,1.70957
2,3.91517,1.71067
2,3.44402,2.61076
2,3.43823,2.66796
2,3.23493,2.51609
3,3.26645,2.86887
3,3.26645,2.86887
3,3.33201,3.20824
3,3.76498,1.14698
3,3.33201,3.20824
3,3.33201,3.20824
3,2.97286,-1.18662
3,3.43823,2.66796
3,3.43823,2.66796
3,2.92287,-1.23018
3,3.34023,3.21117
3,3.33201,3.20824
3,3.33201,3.20824
3,3.44402,2.61076
3,3.33201,3.20824
3,3.33201,3.20824
3,3.33201,3.20824
3,3.03673,-0.668855
3,3.43823,2.66796
3,3.33201,3.20824
3,3.26645,2.86887
3,3.22982,2.4488
3,3.06089,-0.35167
3,3.79365,1.29798
3,3.9175,1.71073
3,3.2224,2.34669
3,3.33201,3.20824
3,3.43823,2.66796
3,2.88876,-1.09027
3,3.44402,2.61076
3,3.71858,0.946559
3,4.4147,1.99503
3,3.43823,2.66796
3,3.43823,2.66796
3,3.33201,3.20824
3,2.92557,-1.23574
3,3.43823,2.66796
3,3.39882,2.99782
3,3.20687,2.11718
3,3.25556,2.75976
3,3.33201,3.20824
3,3.9175,1.71073
3,3.26059,2.81186
3,3.22982,2.4488
3,3.33201,3.20824
3,3.52413,1.73742
3,3.44402,2.61076
3,3.58242,1.19853
3,3.37317,3.13877
3,3.37317,3.13877
4,3.26645,2.86887
4,3.33201,3.20824
4,3.33201,3.20824
4,3.9175,1.71073
4,3.33201,3.20824
4,3.33201,3.20824
4,3.33201,3.20824
4,3.44332,2.61771
4,3.33201,3.20824
4,3.25556,2.75976
4,3.33201,3.20824
4,3.61834,0.982864
4,3.26645,2.86887
4,3.39882,2.99782
4,3.33201,3.20824
4,3.4012,2.98145
4,2.91833,-1.2189
4,3.33201,3.20824
4,3.34023,3.21117
4,3.33201,3.20824
4,3.33201,3.20824
4,2.83733,-0.684128
4,3.62818,0.94263
4,3.33201,3.20824
4,3.39882,2.99782
4,3.33201,3.20824
4,2.95009,-1.24569
4,3.35182,3.20073
4,3.34023,3.21117
4,2.96886,-1.20188
4,3.43823,2.66796
4,3.26059,2.81186
4,3.43823,2.66796
4,2.95451,-1.23945
4,3.33201,3.20824
4,3.33201,3.20824
4,3.06089,-0.35167
4,3.33201,3.20824
4,3.33201,3.20824
4,3.43823,2.66796
4,3.33201,3.20824
4,3.33201,3.20824
4,3.33201,3.20824
4,3.44402,2.61076
4,3.77,1.17273
4,3.37317,3.13877
4,3.33201,3.20824
4,3.74366,1.04457
4,3.43823,2.66796
4,3.43823,2.66796
5,2.98647,-1.11916
5,3.33201,3.20824
5,3.33201,3.20824
5,2.91267,-1.20157
5,3.33201,3.20824
5,3.33201,3.20824
5,3.25656,2.77034
5,3.33201,3.20824
5,3.33201,3.20824
5,3.26645,2.86887
5,3.30196,3.12234
5,3.34023,3.21117
5,3.34023,3.21117
5,3.33201,3.20824
5,3.33201,3.20824
5,3.33201,3.20824
5,3.34023,3.21117
5,3.33201,3.20824
5,2.95305,-1.24179
5,3.37647,3.12454
5,3.33201,3.20824
5,3.33201,3.20824
5,3.33201,3.20824
5,3.33201,3.20824
5,3.34023,3.21117
5,3.33201,3.20824
5,3.4012,2.98145
5,3.34023,3.21117
5,3.35182,3.20073
5,3.33201,3.20824
5,3.33201,3.20824
5,3.09145,0.121677
5,3.39882,2.99782
5,3.34023,3.21117
5,3.33201,3.20824
5,3.36604,3.16543
5,3.33201,3.20824
5,3.33201,3.20824
5,3.33201,3.20824
5,3.56122,1.37182
5,3.33201,3.20824
5,3.33201,3.20824
5,3.34023,3.21117
5,3.33201,3.20824
5,2.88801,-1.08584
5,3.33201,3.20824
5,3.22336,2.36025
5,3.33201,3.20824
5,3.34023,3.21117
5,3.33201,3.20824
6,3.34023,3.21117
6,3.4429,2.62193
6,3.34023,3.21117
6,3.33201,3.20824
6,3.33201,3.20824
6,3.33201,3.20824
6,3.34023,3.21117
6,2.94944,-1.2464
6,3.09145,0.121677
6,3.34023,3.21117
6,3.34023,3.21117
6,3.33201,3.20824
6,3.33201,3.20824
6,3.34023,3.21117
6,3.45951,2.45006
6,3.34023,3.21117
6,3.34023,3.21117
6,3.33201,3.20824
6,3.06526,-0.288427
6,3.34023,3.21117
6,3.33201,3.20824
6,3.34023,3.21117
6,3.33201,3.20824
6,3.22737,2.41572
6,3.33201,3.20824
6,3.52,1.78172
6,3.34023,3.21117
6,3.34023,3.21117
6,3.33201,3.20824
6,3.33201,3.20824
6,3.34023,3.21117
6,3.34023,3.21117
6,3.34023,3.21117
6,3.33201,3.20824
6,3.33201,3.20824
6,3.33201,3.20824
6,2.83736,-0.684365
6,3.34023,3.21117
6,3.34023,3.21117
6,3.33201,3.20824
6,3.22449,2.37599
6,3.33201,3.20824
6,3.33201,3.20824
6,3.33201,3.20824
6,3.33201,3.20824
6,3.34023,3.21117
6,3.33331,3.20928
6,3.34023,3.21117
6,3.33201,3.20824
6,3.33201,3.20824
7,3.34023,3.21117
7,3.33201,3.20824
7,3.16076,1.34341
7,3.34023,3.21117
7,3.33201,3.20824
7,3.33201,3.20824
7,3.33201,3.20824
7,3.34023,3.21117
7,3.31903,3.18573
7,3.34023,3.21117
7,3.34023,3.21117
7,3.34023,3.21117
7,3.34023,3.21117
7,3.33201,3.20824
7,3.34023,3.21117
7,3.34023,3.21117
7,3.12073,0.626166
7,3.34023,3.21117
7,3.34023,3.21117
7,3.64074,0.90342
7,3.34023,3.21117
7,3.34023,3.21117
7,3.52298,1.74971
7,3.33201,3.20824
7,3.34023,3.21117
7,3.7051,0.907676
7,3.34023,3.21117
7,3.34023,3.21117
7,3.34023,3.21117
7,3.79557,1.30822
7,3.68713,0.874271
7,3.34023,3.21117
7,3.34023,3.21117
7,3.33201,3.20824
7,3.34023,3.21117
7,3.33201,3.20824
7,3.34023,3.21117
7,2.95534,-1.23801
7,3.34023,3.21117
7,3.34023,3.21117
7,3.34023,3.21117
7,3.09758,0.223993
7,3.27852,2.97302
7,3.34023,3.21117
7,3.34023,3.21117
7,2.84607,-0.76551
7,3.34023,3.21117
7,3.67599,0.865359
7,3.34023,3.21117
7,3.34023,3.21117
8,3.32881,3.20474
8,3.33887,3.21129
8,3.34023,3.21117
8,3.34023,3.21117
8,3.34023,3.21117
8,3.33201,3.20824
8,3.34023,3.21117
8,3.34023,3.21117
8,3.34023,3.21117
8,3.34023,3.21117
8,3.34023,3.21117
8,3.34023,3.21117
8,3.34023,3.21117
8,3.34023,3.21117
8,2.99997,-1.02871
8,3.34023,3.21117
8,3.48241,2.19883
8,3.41501,2.87666
8,3.34023,3.21117
8,3.34023,3.21117
8,3.4031,2.96803
8,3.34023,3.21117
8,3.50536,1.94223
8,3.34023,3.21117
8,3.57316,1.27039
8,3.34023,3.21117
8,3.34023,3.21117
8,3.01014,-0.945349
8,3.34023,3.21117
8,3.34023,3.21117
8,3.34023,3.21117
8,2.86419,-0.919957
8,3.34023,3.21117
8,3.23214,2.4797
8,3.34023,3.21117
8,3.34023,3.21117
8,3.34023,3.21117
8,3.34023,3.21117
8,3.29134,3.06356
8,3.34023,3.21117
8,3.34023,3.21117
8,3.34023,3.21117
8,3.34023,3.21117
8,3.34023,3.21117
8,3.34023,3.21117
8,3.34023,3.21117
8,3.34023,3.21117
8,3.34023,3.21117
8,3.40078,2.98438
8,3.34023,3.21117
9,2.96769,-1.20592
9,3.34023,3.21117
9,2.84583,-0.763275
9,3.02518,-0.798952
9,3.34023,3.21117
9,3.34023,3.21117
9,3.34023,3.21117
9,3.34023,3.21117
9,3.33887,3.21129
9,3.34023,3.21117
9,3.34023,3.21117
9,3.34023,3.21117
9,3.34023,3.21117
9,3.34023,3.21117
9,3.34023,3.21117
9,3.34023,3.21117
9,3.34023,3.21117
9,3.34023,3.21117
9,3.81536,1.41172
9,3.72163,0.956822
9,3.34023,3.21117
9,3.34023,3.21117
9,3.33887,3.21129
9,3.4005,2.98634
9,3.34023,3.21117
9,3.34023,3.21117
9,3.34023,3.21117
9,3.34023,3.21117
9,3.34023,3.21117
9,3.34023,3.21117
9,3.34023,3.21117
9,3.34023,3.21117
9,3.49022,2.11137
9,3.34023,3.21117
9,3.34023,3.21117
9,3.34023,3.21117
9,3.06096,-0.35075
9,3.34023,3.21117
9,3.34023,3.21117
9,3.34023,3.21117
9,3.34023,3.21117
9,3.34023,3.21117
9,3.39427,3.02768
9,3.34023,3.21117
9,3.34023,3.21117
9,3.34023,3.21117
9,3.33887,3.21129
9,3.34023,3.21117
9,3.34023,3.21117
9,3.34023,3.21117
10,3.34023,3.21117
10,3.3409,3.21103
10,3.30229,3.12392
10,2.9564,-1.23603
10,3.34023,3.21117
10,3.34023,3.21117
10,3.44251,2.62586
10,3.34023,3.21117
10,3.33887,3.21129
10,3.34023,3.21117
10,3.34023,3.21117
10,3.33887,3.21129
10,3.33887,3.21129
10,3.33887,3.21129
10,3.33887,3.21129
10,3.66403,0.866659
10,3.34023,3.21117
10,3.33887,3.21129
10,3.33887,3.21129
10,3.34023,3.21117
10,3.33887,3.21129
10,3.34023,3.21117
10,3.34023,3.21117
10,3.34023,3.21117
10,3.34023,3.21117
10,3.34023,3.21117
10,3.65447,0.876173
10,3.34023,3.21117
10,3.34023,3.21117
10,3.34023,3.21117
10,3.34023,3.21117
10,3.34023,3.21117
10,3.34023,3.21117
10,3.34023,3.21117
10,3.33887,3.21129
10,3.34023,3.21117
10,3.73577,1.01061
10,3.15191,1.18546
10,3.34023,3.21117
10,3.34023,3.21117
10,3.34023,3.21117
10,3.34023,3.21117
10,3.34023,3.21117
10,3.34023,3.21117
10,3.34023,3.21117
10,3.34023,3.21117
10,3.34023,3.21117
10,3.15925,1.3166
10,3.52558,1.72199
10,3.34023,3.21117
11,3.34023,3.21117
11,3.33887,3.21129
11,3.33887,3.21129
11,3.34023,3.21117
11,3.34023,3.21117
11,3.34023,3.21117
11,3.34023,3.21117
11,3.34023,3.21117
11,3.34023,3.21117
11,3.33887,3.21129
11,3.16151,1.35666
11,3.54528,1.52071
11,3.62836,0.941959
11,3.33887,3.21129
11,3.34023,3.21117
11,3.78367,1.24469
11,3.34023,3.21117
11,3.33887,3.21129
11,3.34023,3.21117
11,3.33887,3.21129
11,3.34023,3.21117
11,3.34023,3.21117
11,3.33887,3.21129
11,3.33887,3.21129
11,3.33887,3.21129
11,3.34938,3.20431
11,3.33887,3.21129
11,3.34023,3.21117
11,3.33887,3.21129
11,3.33887,3.21129
11,3.32982,3.20599
11,3.34023,3.21117
11,3.54126,1.56041
11,3.34023,3.21117
11,3.33887,3.21129
11,3.34023,3.21117
11,3.34023,3.21117
11,3.33887,3.21129
11,3.33887,3.21129
11,3.69997,0.895879
11,3.34023,3.21117
11,3.34023,3.21117
11,3.82938,1.48058
11,2.87029,-0.966885
11,3.33887,3.21129
11,3.33887,3.21129
11,3.04176,-0.607728
11,3.55485,1.4296
11,3.34023,3.21117
11,3.33887,3.21129
12,3.33887,3.21129
12,3.33887,3.21129
12,3.33887,3.21129
12,3.23122,2.4675
12,3.33887,3.21129
12,3.34023,3.21117
12,3.55383,1.43901
12,3.33887,3.21129
12,3.33887,3.21129
12,3.34023,3.21117
12,3.33887,3.21129
12,3.33887,3.21129
12,3.34023,3.21117
12,3.33887,3.21129
12,3.33887,3.21129
12,3.34023,3.21117
12,3.33887,3.21129
12,3.34023,3.21117
12,3.33887,3.21129
12,3.34023,3.21117
12,3.33887,3.21129
12,3.01729,-0.879089
12,3.33887,3.21129
12,3.33887,3.21129
12,3.33887,3.21129
12,3.67459,0.864917
12,3.33887,3.21129
12,3.34023,3.21117
12,3.06476,-0.295824
12,3.33887,3.21129
12,3.33887,3.21129
12,3.33887,3.21129
12,3.33887,3.21129
12,2.94598,-1.24925
12,3.34023,3.21117
12,3.33887,3.21129
12,3.33887,3.21129
12,3.33887,3.21129
12,3.33887,3.21129
12,3.34023,3.21117
12,3.36921,3.15427
12,3.33887,3.21129
12,3.34023,3.21117
12,3.33887,3.21129
12,3.33887,3.21129
12,3.33887,3.21129
12,3.33887,3.21129
12,3.33887,3.21129
12,3.2785,2.97288
12,3.33887,3.21129
13,3.33887,3.21129
13,3.33887,3.21129
13,3.34023,3.21117
13,3.33887,3.21129
13,3.33887,3.21129
13,3.33887,3.21129
13,3.33887,3.21129
13,3.33887,3.21129
13,3.33887,3.21129
13,3.28337,3.00978
13,3.33887,3.21129
13,3.33887,3.21129
13,3.33887,3.21129
13,3.33887,3.21129
13,3.33887,3.21129
13,3.33887,3.21129
13,3.26319,2.83769
13,3.33887,3.21129
13,3.33887,3.21129
13,3.33887,3.21129
13,3.33887,3.21129
13,3.30154,3.1203
13,3.33887,3.21129
13,3.25533,2.75723
13,3.17913,1.66417
13,3.71606,0.938461
13,3.33887,3.21129
13,3.33887,3.21129
13,3.33887,3.21129
13,3.33887,3.21129
13,3.31749,3.1816
13,3.04825,-0.524813
13,3.33887,3.21129
13,3.33887,3.21129
13,3.24917,2.68928
13,3.30957,3.15537
13,3.02236,-0.828414
13,3.33887,3.21129
13,3.33887,3.21129
13,3.33887,3.21129
13,3.33887,3.21129
13,3.33887,3.21129
13,3.36921,3.15427
13,3.34023,3.21117
13,3.33887,3.21129
13,3.33887,3.21129
13,3.33887,3.21129
13,3.33887,3.21129
13,3.60713,1.03881
13,3.33887,3.21129
14,3.42144,2.82259
14,3.33887,3.21129
14,3.33887,3.21129
14,3.33887,3.21129
14,3.5921,1.13025
14,3.33887,3.21129
14,3.33887,3.21129
14,3.33887,3.21129
14,3.33887,3.21129
14,3.33887,3.21129
14,3.33887,3.21129
14,3.33887,3.21129
14,3.33887,3.21129
14,3.33887,3.21129
14,3.33887,3.21129
14,3.33887,3.21129
14,3.33887,3.21129
14,3.33887,3.21129
14,3.26031,2.80906
14,3.33887,3.21129
14,3.33887,3.21129
14,3.33887,3.21129
14,3.04674,-0.544573
14,3.33887,3.21129
14,3.37065,3.14885
14,3.33887,3.21129
14,3.33887,3.21129
14,3.33887,3.21129
14,3.33887,3.21129
14,3.1214,0.638069
14,3.33887,3.21129
14,3.67974,0.867295
14,3.26319,2.83769
14,3.33887,3.21129
14,3.72429,0.96617
14,3.33887,3.21129
14,3.33887,3.21129
14,3.33887,3.21129
14,3.57292,1.27234
14,3.33887,3.21129
14,3.33887,3.21129
14,3.13493,0.880192
14,3.33887,3.21129
14,3.33887,3.21129
14,3.33887,3.21129
14,3.33887,3.21129
14,3.65748,0.872344
14,3.33887,3.21129
14,3.33887,3.21129
14,3.60171,1.06966
15,3.33887,3.21129
15,3.33887,3.21129
15,3.33887,3.21129
15,3.31115,3.16123
15,3.33887,3.21129
15,2.8525,-0.822708
15,3.07101,-0.202791
15,3.33887,3.21129
15,3.33887,3.21129
15,3.33887,3.21129
15,3.33887,3.21129
15,3.33887,3.21129
15,3.33887,3.21129
15,3.33887,3.21129
15,3.33887,3.21129
15,3.32446,3.19784
15,3.33887,3.21129
15,3.33887,3.21129
15,3.33887,3.21129
15,3.33887,3.21129
15,3.33887,3.21129
15,3.33887,3.21129
15,3.33887,3.21129
15,3.62624,0.949871
15,3.33887,3.21129
15,3.33887,3.21129
15,3.33887,3.21129
15,3.33887,3.21129
15,3.33887,3.21129
15,3.33887,3.21129
15,3.33887,3.21129
15,3.33887,3.21129
15,3.33887,3.21129
15,3.33887,3.21129
15,3.33887,3.21129
15,3.33887,3.21129
15,3.33887,3.21129
15,2.87579,-1.00671
15,3.33887,3.21129
15,3.24426,2.63199
15,3.57927,1.22227
15,3.33887,3.21129
15,3.33887,3.21129
15,3.33887,3.21129
15,3.33887,3.21129
15,3.33887,3.21129
15,3.33887,3.21129
15,3.56876,1.30665
15,3.33887,3.21129
15,3.33887,3.21129
16,3.33887,3.21129
16,3.33887,3.21129
16,3.33887,3.21129
16,3.33887,3.21129
16,3.33887,3.21129
16,3.33887,3.21129
16,3.21672,2.26505
16,3.33887,3.21129
16,3.33887,3.21129
16,3.33887,3.21129
16,3.33887,3.21129
16,3.55832,1.39779
16,3.33887,3.21129
16,3.33887,3.21129
16,3.33887,3.21129
16,3.33887,3.21129
16,3.33887,3.21129
16,3.33887,3.21129
16,3.33887,3.21129
16,3.33887,3.21129
16,3.33887,3.21129
16,3.33887,3.21129
16,3.33887,3.21129
16,3.33887,3.21129
16,3.33887,3.21129
16,3.33887,3.21129
16,3.33887,3.21129
16,3.33887,3.21129
16,3.70853,0.91652
16,3.33887,3.21129
16,3.33887,3.21129
16,3.33887,3.21129
16,3.33887,3.21129
16,3.33887,3.21129
16,3.33887,3.21129
16,2.89856,-1.14298
16,3.33887,3.21129
16,3.34864,3.20527
16,3.33887,3.21129
16,3.33887,3.21129
16,3.33887,3.21129
16,3.33887,3.21129
16,3.25992,2.80509
16,3.33887,3.21129
16,3.80083,1.33615
16,3.63776,0.91149
16,3.33887,3.21129
16,3.33887,3.21129
16,3.82148,1.44235
16,3.33887,3.21129
17,3.33887,3.21129
17,3.81741,1.42209
17,3.33887,3.21129
17,3.33887,3.21129
17,3.33887,3.21129
17,3.33887,3.21129
17,3.33887,3.21129
17,3.54749,1.49919
17,3.33887,3.21129
17,3.33887,3.21129
17,3.33887,3.21129
17,3.33887,3.21129
17,3.72393,0.964888
17,3.33887,3.21129
17,3.33887,3.21129
17,3.33887,3.21129
17,3.33887,3.21129
17,3.33887,3.21129
17,3.33887,3.21129
17,3.06407,-0.305806
17,3.33887,3.21129
17,3.037,-0.665678
17,3.33887,3.21129
17,3.33887,3.21129
17,3.08704,0.0492322
17,2.93131,-1.2447
17,3.33887,3.21129
17,3.33887,3.21129
17,3.33887,3.21129
17,3.33887,3.21129
17,3.33887,3.21129
17,3.33887,3.21129
17,3.33887,3.21129
17,3.03532,-0.685591
17,3.6263,0.949675
17,3.33887,3.21129
17,3.33887,3.21129
17,3.33887,3.21129
17,3.33887,3.21129
17,3.33887,3.21129
17,3.33887,3.21129
17,3.33887,3.21129
17,3.33887,3.21129
17,3.33887,3.21129
17,3.33887,3.21129
17,3.76857,1.16534
17,3.33887,3.21129
17,2.9914,-1.08884
17,3.33887,3.21129
17,3.07113,-0.200964
18,3.33887,3.21129
18,3.33887,3.21129
18,3.33887,3.21129
18,3.33887,3.21129
18,3.33887,3.21129
18,3.73067,0.990112
18,3.33887,3.21129
18,3.33887,3.21129
18,3.33887,3.21129
18,3.07385,-0.159558
18,3.60204,1.06774
18,3.33887,3.21129
18,3.33887,3.21129
18,3.81599,1.4149
18,3.33887,3.21129
18,3.33887,3.21129
18,3.33887,3.21129
18,3.33887,3.21129
18,3.33887,3.21129
18,3.33887,3.21129
18,3.33887,3.21129
18,3.45946,2.4505
18,3.33887,3.21129
18,3.33887,3.21129
18,3.33887,3.21129
18,3.33887,3.21129
18,3.10081,0.278785
18,3.33887,3.21129
18,3.33887,3.21129
18,3.54503,1.52309
18,3.33887,3.21129
18,3.19186,1.87787
18,3.7681,1.16294
18,3.03865,-0.645884
18,3.07113,-0.200964
18,3.33887,3.21129
18,3.0454,-0.561712
18,3.39717,3.00886
18,3.51595,1.82563
18,3.33887,3.21129
18,3.33887,3.21129
18,3.33887,3.21129
18,3.60812,1.03347
18,3.33887,3.21129
18,3.75351,1.09022
18,3.33887,3.21129
18,3.33887,3.21129
18,3.33887,3.21129
18,3.33887,3.21129
18,3.33887,3.21129
19,3.33887,3.21129
19,3.33887,3.21129
19,3.33887,3.21129
19,3.33887,3.21129
19,3.33887,3.21129
19,3.13517,0.884509
19,3.33887,3.21129
19,3.33887,3.21129
19,3.33887,3.21129
19,2.9721,-1.18968
19,2.84281,-0.735546
19,3.33887,3.21129
19,3.75893,1.11663
19,3.33887,3.21129
19,3.83079,1.4872
19,3.39717,3.00886
19,3.33887,3.21129
19,3.33887,3.21129
19,3.33887,3.21129
19,3.33887,3.21129
19,3.33887,3.21129
19,3.33887,3.21129
19,3.33887,3.21129
19,3.35509,3.19475
19,3.33887,3.21129
19,3.33887,3.21129
19,3.33887,3.21129
19,3.33887,3.21129
19,3.33887,3.21129
19,3.26007,2.8066
19,3.33887,3.21129
19,3.75185,1.08232
19,3.33887,3.21129
19,3.33887,3.21129
19,3.33887,3.21129
19,3.33887,3.21129
19,3.33887,3.21129
19,2.89069,-1.10138
19,3.33887,3.21129
19,3.33887,3.21129
19,3.33887,3.21129
19,3.33887,3.21129
19,3.33887,3.21129
19,3.33887,3.21129
19,3.33887,3.21129
19,3.33887,3.21129
19,3.33887,3.21129
19,3.48013,2.22426
19,3.33887,3.21129
19,3.33887,3.21129
20,3.33887,3.21129
20,3.33887,3.21129
20,3.33887,3.21129
20,3.33887,3.21129
20,3.33887,3.21129
20,3.33887,3.21129
20,3.33887,3.21129
20,3.33887,3.21129
20,3.33887,3.21129
20,3.33887,3.21129
20,3.24722,2.66682
20,3.33887,3.21129
20,3.04049,-0.623459
20,3.33887,3.21129
20,3.68283,0.869707
20,3.33887,3.21129
20,3.33887,3.21129
20,3.33887,3.21129
20,3.33887,3.21129
20,3.33887,3.21129
20,3.41404,2.88456
20,3.40194,2.97624
20,3.33887,3.21129
20,3.33887,3.21129
20,3.33887,3.21129
20,3.33887,3.21129
20,3.33887,3.21129
20,3.33887,3.21129
20,3.33887,3.21129
20,3.18383,1.74416
20,3.37978,3.10902
20,3.33887,3.21129
20,3.33887,3.21129
20,3.16224,1.36969
20,3.33887,3.21129
20,3.33887,3.21129
20,3.33887,3.21129
20,3.33887,3.21129
20,3.33887,3.21129
20,3.10214,0.301567
20,3.33887,3.21129
20,3.33887,3.21129
20,3.33887,3.21129
20,3.33887,3.21129
20,3.33887,3.21129
20,3.01868,-0.865556
20,3.33887,3.21129
20,3.33887,3.21129
20,3.33887,3.21129
20,3.33887,3.21129
21,3.61998,0.975596
21,3.33887,3.21129
21,3.33887,3.21129
21,3.33887,3.21129
21,3.33887,3.21129
21,3.70235,0.901128
21,3.33887,3.21129
21,3.33887,3.21129
21,3.25164,2.71702
21,3.33887,3.21129
21,3.33887,3.21129
21,3.33887,3.21129
21,3.33887,3.21129
21,3.45955,2.44958
21,3.33887,3.21129
21,3.33887,3.21129
21,3.33887,3.21129
21,3.33887,3.21129
21,3.63798,0.910867
21,3.33887,3.21129
21,3.24257,2.61166
21,3.33887,3.21129
21,3.55104,1.46521
21,3.33887,3.21129
21,3.05435,-0.443196
21,3.33887,3.21129
21,3.33887,3.21129
21,3.33887,3.21129
21,3.33887,3.21129
21,3.33887,3.21129
21,3.33887,3.21129
21,2.95752,-1.23378
21,3.33887,3.21129
21,3.33887,3.21129
21,3.49216,2.08969
21,3.33887,3.21129
21,3.33887,3.21129
21,3.33887,3.21129
21,3.33887,3.21129
21,3.33887,3.21129
21,3.33887,3.21129
21,3.33887,3.21129
21,3.33887,3.21129
21,3.33887,3.21129
21,3.33887,3.21129
21,3.33887,3.21129
21,3.33887,3.21129
21,3.11165,0.465995
21,3.33887,3.21129
21,3.33887,3.21129
22,3.33887,3.21129
22,3.71347,0.930512
22,3.33887,3.21129
22,3.33887,3.21129
22,2.96197,-1.22326
22,3.33887,3.21129
22,3.33887,3.21129
22,3.29326,3.07528
22,3.33887,3.21129
22,3.33887,3.21129
22,3.33887,3.21129
22,3.33887,3.21129
22,3.33887,3.21129
22,3.33887,3.21129
22,3.33887,3.21129
22,3.10963,0.430801
22,3.33887,3.21129
22,3.33887,3.21129
22,3.45023,2.54751
22,3.33887,3.21129
22,3.33887,3.21129
22,3.33887,3.21129
22,3.33887,3.21129
22,3.33887,3.21129
22,3.33887,3.21129
22,3.33887,3.21129
22,3.33887,3.21129
22,3.33887,3.21129
22,3.33887,3.21129
22,3.33887,3.21129
22,2.96856,-1.20293
22,3.33887,3.21129
22,3.33887,3.21129
22,3.02587,-0.79164
22,3.33887,3.21129
22,3.33887,3.21129
22,3.33887,3.21129
22,3.33887,3.21129
22,3.33887,3.21129
22,3.14248,1.0159
22,2.93605,-1.24907
22,3.60809,1.03363
22,2.94779,-1.24794
22,3.33887,3.21129
22,3.33887,3.21129
22,3.33887,3.21129
22,3.80502,1.35822
22,3.09141,0.121027
22,3.33887,3.21129
22,3.33887,3.21129
23,3.33887,3.21129
23,3.33887,3.21129
23,3.33887,3.21129
23,3.14557,1.07156
23,3.33887,3.21129
23,3.13279,0.841728
23,3.33887,3.21129
23,3.29326,3.07528
23,3.33887,3.21129
23,3.33887,3.21129
23,3.33887,3.21129
23,3.33887,3.21129
23,3.29326,3.07528
23,3.33887,3.21129
23,3.75843,1.11415
23,3.33887,3.21129
23,3.71683,0.940886
23,3.33887,3.21129
23,3.33887,3.21129
23,3.71161,0.92508
23,2.89963,-1.1482
23,3.33887,3.21129
23,3.33887,3.21129
23,3.33887,3.21129
23,3.33887,3.21129
23,3.33887,3.21129
23,3.33887,3.21129
23,3.03807,-0.65284
23,3.33887,3.21129
23,3.33887,3.21129
23,2.9214,-1.22679
23,3.7321,0.995742
23,3.33887,3.21129
23,3.33887,3.21129
23,3.33887,3.21129
23,3.33887,3.21129
23,3.33887,3.21129
23,3.03157,-0.728898
23,3.33887,3.21129
23,3.71314,0.929529
23,2.84332,-0.740292
23,3.33887,3.21129
23,3.33887,3.21129
23,3.18783,1.81121
23,3.76453,1.14469
23,3.33887,3.21129
23,3.33887,3.21129
23,3.33887,3.21129
23,3.64849,0.886042
23,3.58677,1.16696
24,2.93173,-1.24519
24,3.33887,3.21129
24,3.33887,3.21129
24,3.6062,1.04393
24,3.33887,3.21129
24,3.33887,3.21129
24,3.33887,3.21129
24,3.33887,3.21129
24,3.33887,3.21129
24,3.81251,1.39715
24,2.89479,-1.12383
24,3.33887,3.21129
24,3.33887,3.21129
24,3.33887,3.21129
24,3.33887,3.21129
24,3.33887,3.21129
24,3.33887,3.21129
24,3.25355,2.73801
24,3.33887,3.21129
24,3.59115,1.1366
24,3.33887,3.21129
24,3.33887,3.21129
24,3.33887,3.21129
24,3.23197,2.47743
24,3.33887,3.21129
24,3.33887,3.21129
24,3.00163,-1.01595
24,3.71161,0.92508
24,3.71314,0.929529
24,3.33887,3.21129
24,3.33887,3.21129
24,3.81401,1.40485
24,3.33887,3.21129
24,3.33887,3.21129
24,3.33887,3.21129
24,3.23314,2.49277
24,2.87049,-0.968348
24,3.64116,0.902343
24,3.33887,3.21129
24,3.33887,3.21129
24,3.06452,-0.299262
24,3.33887,3.21129
24,3.2291,2.43916
24,3.29766,3.10029
24,3.22618,2.39937
24,3.33887,3.21129
24,3.33887,3.21129
24,3.33887,3.21129
24,3.33887,3.21129
24,3.82732,1.47075
25,3.33887,3.21129
25,3.33887,3.21129
25,3.33887,3.21129
25,3.33887,3.21129
25,3.76607,1.15253
25,3.77201,1.18319
25,3.33887,3.21129
25,3.33887,3.21129
25,3.23197,2.47743
25,3.33887,3.21129
25,3.33887,3.21129
25,3.33887,3.21129
25,3.33887,3.21129
25,3.33887,3.21129
25,3.33887,3.21129
25,3.33887,3.21129
25,3.33887,3.21129
25,3.33887,3.21129
25,3.33887,3.21129
25,3.33887,3.21129
25,3.33887,3.21129
25,2.91223,-1.20007
25,3.33887,3.21129
25,3.29766,3.10029
25,3.33887,3.21129
25,2.88664,-1.07767
25,3.29766,3.10029
25,3.33887,3.21129
25,3.56715,1.32024
25,3.33887,3.21129
25,3.25355,2.73801
25,2.88276,-1.05349
25,3.33887,3.21129
25,3.76228,1.13335
25,3.33887,3.21129
25,3.33887,3.21129
25,3.33887,3.21129
25,3.29766,3.10029
25,3.25355,2.73801
25,3.33887,3.21129
25,3.33887,3.21129
25,3.56192,1.36558
25,3.33887,3.21129
25,3.31832,3.18387
25,3.33887,3.21129
25,3.11767,0.571973
25,3.20459,2.08181
25,3.82732,1.47075
25,3.33887,3.21129
25,3.33887,3.21129
26,3.43172,2.73
26,3.33887,3.21129
26,3.1753,1.5984
26,3.33887,3.21129
26,3.72251,0.959851
26,3.33887,3.21129
26,3.33887,3.21129
26,3.04876,-0.518105
26,3.25214,2.72259
26,3.33887,3.21129
26,3.33887,3.21129
26,3.33887,3.21129
26,3.33887,3.21129
26,3.33887,3.21129
26,3.09978,0.261304
26,3.33887,3.21129
26,3.33887,3.21129
26,2.91535,-1.21022
26,3.33887,3.21129
26,3.181,1.69624
26,3.33887,3.21129
26,3.05241,-0.469588
26,3.13572,0.894284
26,3.33887,3.21129
26,3.33887,3.21129
26,3.33887,3.21129
26,3.33887,3.21129
26,3.33887,3.21129
26,3.15514,1.2433
26,3.33887,3.21129
26,3.33887,3.21129
26,3.31832,3.18387
26,3.33887,3.21129
26,3.33887,3.21129
26,3.33887,3.21129
26,3.33887,3.21129
26,3.33887,3.21129
26,3.33887,3.21129
26,3.33887,3.21129
26,3.33887,3.21129
26,3.35013,3.20329
26,3.57116,1.28671
26,3.58261,1.19712
26,3.33887,3.21129
26,3.62175,0.967963
26,3.29766,3.10029
26,3.33794,3.21123
26,3.33887,3.21129
26,3.20934,2.15503
26,3.33887,3.21129
27,3.35323,3.19832
27,3.33887,3.21129
27,3.33887,3.21129
27,3.29514,3.0863
27,3.33887,3.21129
27,3.33887,3.21129
27,2.89778,-1.13913
27,3.33887,3.21129
27,3.33887,3.21129
27,3.33887,3.21129
27,3.33794,3.21123
27,3.33887,3.21129
27,3.33794,3.21123
27,3.33887,3.21129
27,3.3294,3.20548
27,3.33887,3.21129
27,3.71414,0.932532
27,3.33887,3.21129
27,3.44032,2.64753
27,3.33887,3.21129
27,3.79097,1.28368
27,3.33887,3.21129
27,3.33887,3.21129
27,3.33887,3.21129
27,3.29235,3.06977
27,3.33887,3.21129
27,3.33887,3.21129
27,3.33887,3.21129
27,3.33887,3.21129
27,3.33887,3.21129
27,3.33887,3.21129
27,3.33887,3.21129
27,2.93959,-1.25054
27,2.934,-1.24752
27,3.33887,3.21129
27,3.33887,3.21129
27,3.33887,3.21129
27,3.33887,3.21129
27,3.62179,0.96779
27,3.33887,3.21129
27,3.33887,3.21129
27,3.33887,3.21129
27,3.33887,3.21129
27,3.33887,3.21129
27,3.48978,2.11635
27,3.33887,3.21129
27,3.33887,3.21129
27,3.20934,2.15503
27,3.33887,3.21129
27,3.33887,3.21129
28,3.33887,3.21129
28,2.89376,-1.11836
28,3.33887,3.21129
28,3.33794,3.21123
28,3.45103,2.53925
28,3.33887,3.21129
28,3.33887,3.21129
28,3.33887,3.21129
28,3.33887,3.21129
28,3.33887,3.21129
28,3.33887,3.21129
28,3.33887,3.21129
28,3.33887,3.21129
28,3.33887,3.21129
28,3.33887,3.21129
28,3.33887,3.21129
28,3.33887,3.21129
28,3.81585,1.41418
28,3.33887,3.21129
28,3.33887,3.21129
28,3.33887,3.21129
28,3.33887,3.21129
28,3.21954,2.3059
28,3.33887,3.21129
28,3.33887,3.21129
28,3.33887,3.21129
28,3.48978,2.11635
28,3.33887,3.21129
28,3.09898,0.247746
28,3.55401,1.43732
28,3.29514,3.0863
28,3.33887,3.21129
28,3.33887,3.21129
28,3.33887,3.21129
28,3.33887,3.21129
28,3.33887,3.21129
28,3.33887,3.21129
28,3.74149,1.03499
28,3.33887,3.21129
28,3.33887,3.21129
28,3.33887,3.21129
28,3.33887,3.21129
28,3.33887,3.21129
28,3.33887,3.21129
28,3.33887,3.21129
28,3.33887,3.21129
28,3.33887,3.21129
28,3.33887,3.21129
28,3.64966,0.88387
28,3.33887,3.21129
29,3.33887,3.21129
29,3.33887,3.21129
29,3.33887,3.21129
29,3.33887,3.21129
29,2.87837,-1.02451
29,3.33887,3.21129
29,3.33887,3.21129
29,3.33887,3.21129
29,3.60701,1.03947
29,3.69178,0.880741
29,3.33887,3.21129
29,3.33887,3.21129
29,2.96727,-1.20734
29,3.18457,1.75666
29,3.33887,3.21129
29,3.33887,3.21129
29,2.95158,-1.24387
29,3.03513,-0.687749
29,3.33887,3.21129
29,3.33887,3.21129
29,3.61251,1.01063
29,3.33887,3.21129
29,3.33887,3.21129
29,3.33887,3.21129
29,3.33887,3.21129
29,3.33887,3.21129
29,3.33887,3.21129
29,3.33887,3.21129
29,3.36113,3.18033
29,2.92006,-1.2235
29,3.33887,3.21129
29,3.33887,3.21129
29,3.33887,3.21129
29,3.33887,3.21129
29,3.33887,3.21129
29,3.64857,0.885885
29,3.33887,3.21129
29,3.73757,1.01814
29,3.33887,3.21129
29,3.33887,3.21129
29,3.28937,3.05103
29,3.33887,3.21129
29,3.33887,3.21129
29,3.33887,3.21129
29,3.33887,3.21129
29,3.33887,3.21129
29,3.33887,3.21129
29,3.33887,3.21129
29,3.34392,3.20968
29,3.33887,3.21129
30,3.33887,3.21129
30,3.30409,3.13234
30,3.33887,3.21129
30,3.33887,3.21129
30,3.33887,3.21129
30,3.33887,3.21129
30,3.33887,3.21129
30,3.33887,3.21129
30,3.33887,3.21129
30,3.26583,2.86306
30,3.33887,3.21129
30,3.33887,3.21129
30,3.13523,0.885585
30,3.33887,3.21129
30,3.33887,3.21129
30,2.90895,-1.18818
30,3.33887,3.21129
30,3.46049,2.43957
30,3.33887,3.21129
30,3.33887,3.21129
30,3.60475,1.05209
30,3.31389,3.17071
30,3.33887,3.21129
30,3.51417,1.84508
30,3.33887,3.21129
30,3.33887,3.21129
30,3.33887,3.21129
30,3.33887,3.21129
30,3.33887,3.21129
30,3.33887,3.21129
30,2.97688,-1.16921
30,3.33887,3.21129
30,3.33887,3.21129
30,3.33887,3.21129
30,3.14704,1.09796
30,3.39334,3.03354
30,3.33887,3.21129
30,3.33887,3.21129
30,3.33887,3.21129
30,3.33887,3.21129
30,3.33887,3.21129
30,3.52683,1.70878
30,3.33887,3.21129
30,3.33887,3.21129
30,2.97164,-1.1915
30,3.72494,0.968525
30,3.4633,2.40933
30,3.33887,3.21129
30,3.33887,3.21129
30,3.33887,3.21129
31,3.33887,3.21129
31,3.33887,3.21129
31,3.33887,3.21129
31,3.33887,3.21129
31,3.33887,3.21129
31,2.84783,-0.781382
31,3.33887,3.21129
31,3.33887,3.21129
31,3.33887,3.21129
31,3.33887,3.21129
31,3.33887,3.21129
31,3.33887,3.21129
31,3.33887,3.21129
31,3.33887,3.21129
31,3.53475,1.62629
31,3.33887,3.21129
31,3.33887,3.21129
31,3.33887,3.21129
31,3.33887,3.21129
31,3.33887,3.21129
31,3.33887,3.21129
31,3.33887,3.21129
31,3.33887,3.21129
31,3.33887,3.21129
31,3.33887,3.21129
31,3.33887,3.21129
31,3.33887,3.21129
31,3.43299,2.71809
31,3.33887,3.21129
31,3.33887,3.21129
31,2.95491,-1.23876
31,3.33887,3.21129
31,3.33887,3.21129
31,3.33887,3.21129
31,3.33887,3.21129
31,3.33887,3.21129
31,3.33887,3.21129
31,3.64914,0.884816
31,3.7933,1.29611
31,3.33887,3.21129
31,3.33887,3.21129
31,3.26027,2.80861
31,3.33887,3.21129
31,3.33887,3.21129
31,3.02359,-0.815673
31,3.3401,3.21119
31,3.33887,3.21129
31,3.33887,3.21129
31,3.53798,1.59334
31,3.33887,3.21129
32,3.33887,3.21129
32,3.4756,2.27459
32,3.33887,3.21129
32,3.65554,0.874718
32,3.33887,3.21129
32,3.33887,3.21129
32,3.33887,3.21129
32,3.33887,3.21129
32,3.33887,3.21129
32,3.33887,3.21129
32,3.33887,3.21129
32,3.33887,3.21129
32,3.33887,3.21129
32,3.33887,3.21129
32,3.33887,3.21129
32,3.33887,3.21129
32,2.97358,-1.18367
32,3.33887,3.21129
32,3.33887,3.21129
32,3.33887,3.21129
32,3.33887,3.21129
32,3.33887,3.21129
32,3.33887,3.21129
32,3.33887,3.21129
32,3.33887,3.21129
32,3.33887,3.21129
32,3.33887,3.21129
32,2.88341,-1.05763
32,3.33887,3.21129
32,3.33887,3.21129
32,3.33887,3.21129
32,3.33887,3.21129
32,3.33887,3.21129
32,3.33887,3.21129
32,3.33887,3.21129
32,3.14882,1.12996
32,3.33887,3.21129
32,2.95151,-1.24396
32,3.33887,3.21129
32,3.33887,3.21129
32,3.33887,3.21129
32,3.33887,3.21129
32,3.15625,1.2631
32,3.33887,3.21129
32,2.95027,-1.24548
32,3.33887,3.21129
32,3.33887,3.21129
32,3.33887,3.21129
32,3.6739,0.864758
32,3.33887,3.21129
33,3.33887,3.21129
33,3.33887,3.21129
33,3.33887,3.21129
33,3.33887,3.21129
33,3.33887,3.21129
33,3.33887,3.21129
33,3.33887,3.21129
33,3.33887,3.21129
33,3.33887,3.21129
33,3.57457,1.25909
33,3.33887,3.21129
33,3.41239,2.89778
33,3.33887,3.21129
33,3.3229,3.19476
33,3.33887,3.21129
33,3.33887,3.21129
33,2.96363,-1.21866
33,3.33887,3.21129
33,3.33887,3.21129
33,3.33887,3.21129
33,3.33887,3.21129
33,3.33887,3.21129
33,3.33887,3.21129
33,3.33887,3.21129
33,3.33887,3.21129
33,3.33887,3.21129
33,3.42035,2.83194
33,3.42144,2.82262
33,3.33887,3.21129
33,3.33887,3.21129
33,3.33887,3.21129
33,3.33887,3.21129
33,3.33887,3.21129
33,3.30921,3.15395
33,3.07439,-0.151282
33,3.33887,3.21129
33,3.33887,3.21129
33,3.11699,0.559842
33,3.33887,3.21129
33,3.33887,3.21129
33,3.33887,3.21129
33,3.33887,3.21129
33,2.95272,-1.24229
33,2.99205,-1.08457
33,3.33887,3.21129
33,3.33887,3.21129
33,3.33887,3.21129
33,2.99646,-1.05445
33,3.4897,2.11721
33,3.33887,3.21129
34,3.33887,3.21129
34,3.33887,3.21129
34,3.33887,3.21129
34,3.33887,3.21129
34,3.33887,3.21129
34,3.33887,3.21129
34,3.33887,3.21129
34,3.33887,3.21129
34,3.33887,3.21129
34,3.33887,3.21129
34,3.33887,3.21129
34,3.33887,3.21129
34,3.33887,3.21129
34,3.33887,3.21129
34,3.33887,3.21129
34,3.24543,2.64586
34,3.33887,3.21129
34,3.33887,3.21129
34,3.33887,3.21129
34,3.33887,3.21129
34,3.33538,3.2105
34,3.33887,3.21129
34,3.33887,3.21129
34,3.33887,3.21129
34,3.33887,3.21129
34,3.38745,3.06862
34,3.33887,3.21129
34,3.33887,3.21129
34,3.33887,3.21129
34,3.33887,3.21129
34,3.06378,-0.31
34,3.33887,3.21129
34,3.33887,3.21129
34,3.33887,3.21129
34,3.33887,3.21129
34,2.92438,-1.23341
34,3.33887,3.21129
34,3.33887,3.21129
34,2.96949,-1.19961
34,3.33887,3.21129
34,3.33887,3.21129
34,3.33887,3.21129
34,3.33887,3.21129
34,3.33887,3.21129
34,3.33887,3.21129
34,3.33887,3.21129
34,3.33887,3.21129
34,3.33887,3.21129
34,3.33887,3.21129
34,3.42144,2.82262
35,3.33887,3.21129
35,3.33887,3.21129
35,3.33887,3.21129
35,3.33887,3.21129
35,3.33887,3.21129
35,3.33887,3.21129
35,3.33887,3.21129
35,3.33887,3.21129
35,3.74315,1.0423
35,3.33887,3.21129
35,3.33887,3.21129
35,3.33887,3.21129
35,3.09974,0.260543
35,3.33887,3.21129
35,3.33887,3.21129
35,3.33887,3.21129
35,3.33887,3.21129
35,3.33887,3.21129
35,3.10912,0.421947
35,3.33887,3.21129
35,3.33887,3.21129
35,3.33887,3.21129
35,3.33887,3.21129
35,3.33887,3.21129
35,3.44336,2.61731
35,3.33887,3.21129
35,3.33887,3.21129
35,3.65994,0.869795
35,3.33887,3.21129
35,3.33887,3.21129
35,3.33887,3.21129
35,3.33887,3.21129
35,3.33887,3.21129
35,3.33887,3.21129
35,3.33887,3.21129
35,3.33887,3.21129
35,3.33887,3.21129
35,3.33887,3.21129
35,3.33887,3.21129
35,3.01563,-0.89499
35,3.05477,-0.437357
35,3.33887,3.21129
35,3.33887,3.21129
35,3.33887,3.21129
35,3.33887,3.21129
35,3.33887,3.21129
35,3.33887,3.21129
35,3.33887,3.21129
35,3.33887,3.21129
35,3.33887,3.21129
36,3.33887,3.21129
36,3.33887,3.21129
36,3.33887,3.21129
36,3.33887,3.21129
36,3.33887,3.21129
36,3.33887,3.21129
36,3.2087,2.14522
36,3.58867,1.1536
36,3.10861,0.413024
36,3.20992,2.16381
36,3.33887,3.21129
36,3.50828,1.9099
36,3.33887,3.21129
36,3.33887,3.21129
36,3.48625,2.15588
36,3.33887,3.21129
36,3.33887,3.21129
36,3.33887,3.21129
36,3.33887,3.21129
36,3.33887,3.21129
36,2.91876,-1.22007
36,3.33887,3.21129
36,3.33887,3.21129
36,3.33887,3.21129
36,3.33887,3.21129
36,3.51396,1.84735
36,3.33887,3.21129
36,3.15816,1.29718
36,3.54306,1.54254
36,3.33887,3.21129
36,3.33015,3.20636
36,3.33887,3.21129
36,3.0515,-0.481785
36,3.33887,3.21129
36,3.33887,3.21129
36,3.33887,3.21129
36,3.33887,3.21129
36,2.92022,-1.22388
36,3.33887,3.21129
36,3.33887,3.21129
36,3.33887,3.21129
36,3.33887,3.21129
36,3.53379,1.63615
36,3.33887,3.21129
36,3.33887,3.21129
36,3.33887,3.21129
36,3.33887,3.21129
36,3.54262,1.54687
36,3.33887,3.21129
36,3.33887,3.21129
37,3.33887,3.21129
37,3.83233,1.49433
37,3.33887,3.21129
37,3.65689,0.87304
37,3.33887,3.21129
37,3.33887,3.21129
37,3.33887,3.21129
37,3.33887,3.21129
37,3.33887,3.21129
37,3.48073,2.21761
37,3.33887,3.21129
37,3.33887,3.21129
37,3.33887,3.21129
37,3.33887,3.21129
37,3.68925,0.877027
37,3.33887,3.21129
37,3.33887,3.21129
37,3.33887,3.21129
37,3.18566,1.77487
37,3.33887,3.21129
37,3.06664,-0.268108
37,3.33887,3.21129
37,3.49691,2.03642
37,3.33887,3.21129
37,3.76945,1.16988
37,3.33887,3.21129
37,3.33887,3.21129
37,3.33887,3.21129
37,3.33887,3.21129
37,3.81329,1.40113
37,3.47487,2.28272
37,3.33887,3.21129
37,3.33887,3.21129
37,3.33887,3.21129
37,3.33887,3.21129
37,3.33887,3.21129
37,3.33887,3.21129
37,3.407,2.93944
37,3.33887,3.21129
37,3.33887,3.21129
37,3.33887,3.21129
37,3.33887,3.21129
37,3.10861,0.413024
37,3.33887,3.21129
37,3.33887,3.21129
37,3.33887,3.21129
37,3.33887,3.21129
37,3.33887,3.21129
37,3.33887,3.21129
37,3.33887,3.21129
38,3.33887,3.21129
38,3.18655,1.7898
38,3.33887,3.21129
38,3.33887,3.21129
38,3.66138,0.868533
38,3.33887,3.21129
38,3.33887,3.21129
38,3.13111,0.811528
38,3.33887,3.21129
38,3.14249,1.01613
38,3.36821,3.15793
38,3.33887,3.21129
38,3.08188,-0.0338711
38,3.01704,-0.881478
38,3.33887,3.21129
38,3.33887,3.21129
38,2.86644,-0.937601
38,3.33887,3.21129
38,3.33887,3.21129
38,3.33887,3.21129
38,3.18626,1.78499
38,3.33887,3.21129
38,3.00334,-1.00251
38,3.33887,3.21129
38,3.33887,3.21129
38,3.33887,3.21129
38,3.33887,3.21129
38,3.33887,3.21129
38,3.33887,3.21129
38,3.33887,3.21129
38,3.05197,-0.475513
38,3.33887,3.21129
38,3.33887,3.21129
38,3.33887,3.21129
38,3.11755,0.569846
38,3.33887,3.21129
38,3.33887,3.21129
38,3.14545,1.06933
38,2.85759,-0.866135
38,3.33887,3.21129
38,3.62915,0.93909
38,3.33887,3.21129
38,3.33887,3.21129
38,3.33887,3.21129
38,3.33887,3.21129
38,3.33887,3.21129
38,3.33887,3.21129
38,3.33887,3.21129
38,3.33887,3.21129
38,3.33887,3.21129
39,3.33887,3.21129
39,3.49497,2.05818
39,3.33887,3.21129
39,3.33887,3.21129
39,3.33887,3.21129
39,3.33887,3.21129
39,3.33887,3.21129
39,3.33887,3.21129
39,3.33887,3.21129
39,3.33887,3.21129
39,3.33887,3.21129
39,3.33887,3.21129
39,3.33887,3.21129
39,3.33887,3.21129
39,3.33887,3.21129
39,3.33887,3.21129
39,3.33887,3.21129
39,2.92645,-1.23737
39,3.33887,3.21129
39,3.33887,3.21129
39,3.33887,3.21129
39,3.36821,3.15793
39,3.33887,3.21129
39,3.33887,3.21129
39,3.33887,3.21129
39,3.07515,-0.139442
39,3.64317,0.897408
39,3.33887,3.21129
39,3.33887,3.21129
39,2.91741,-1.21634
39,3.7377,1.01867
39,3.33887,3.21129
39,3.33887,3.21129
39,3.1383,0.940783
39,3.33887,3.21129
39,3.33887,3.21129
39,3.33887,3.21129
39,3.33887,3.21129
39,3.62915,0.93909
39,3.46055,2.43886
39,3.33887,3.21129
39,3.33887,3.21129
39,3.64468,0.893941
39,3.02556,-0.794997
39,3.33887,3.21129
39,3.33887,3.21129
39,3.33887,3.21129
39,3.33887,3.21129
39,3.33887,3.21129
39,3.33887,3.21129
40,3.33887,3.21129
40,3.33887,3.21129
40,3.33887,3.21129
40,3.33887,3.21129
40,3.33887,3.21129
40,3.48279,2.19454
40,3.33887,3.21129
40,3.33887,3.21129
40,3.48299,2.19232
40,3.33887,3.21129
40,3.38279,3.09392
40,3.33887,3.21129
40,3.33887,3.21129
40,3.33887,3.21129
40,3.33887,3.21129
40,3.33887,3.21129
40,3.33887,3.21129
40,3.33887,3.21129
40,3.09603,0.19795
40,3.33887,3.21129
40,3.54297,1.54345
40,3.33887,3.21129
40,3.33887,3.21129
40,3.33887,3.21129
40,3.33887,3.21129
40,3.56058,1.37749
40,3.33887,3.21129
40,3.33887,3.21129
40,3.33887,3.21129
40,3.33887,3.21129
40,3.33887,3.21129
40,3.33887,3.21129
40,3.33887,3.21129
40,3.33887,3.21129
40,2.8926,-1.11207
40,3.33887,3.21129
40,3.33887,3.21129
40,3.33887,3.21129
40,3.33887,3.21129
40,3.37448,3.13329
40,3.33887,3.21129
40,3.33887,3.21129
40,3.33887,3.21129
40,3.33887,3.21129
40,3.33887,3.21129
40,3.33887,3.21129
40,3.33887,3.21129
40,3.33887,3.21129
40,3.33887,3.21129
40,3.33887,3.21129
41,3.33887,3.21129
41,3.33887,3.21129
41,3.33887,3.21129
41,3.33887,3.21129
41,3.33887,3.21129
41,3.33887,3.21129
41,3.33887,3.21129
41,3.33887,3.21129
41,3.63871,0.908815
41,3.33887,3.21129
41,2.91827,-1.21873
41,3.33887,3.21129
41,3.33887,3.21129
41,3.33887,3.21129
41,3.03958,-0.634505
41,3.33887,3.21129
41,3.33887,3.21129
41,3.33887,3.21129
41,3.33887,3.21129
41,3.33887,3.21129
41,2.85224,-0.820387
41,3.15867,1.30618
41,3.33887,3.21129
41,3.33887,3.21129
41,3.35842,3.18734
41,2.97375,-1.18295
41,3.33887,3.21129
41,3.58738,1.16263
41,3.33887,3.21129
41,3.50033,1.99825
41,3.33887,3.21129
41,3.33887,3.21129
41,3.37474,3.13215
41,3.33887,3.21129
41,3.33887,3.21129
41,3.33887,3.21129
41,3.44011,2.64958
41,3.00742,-0.968825
41,3.33887,3.21129
41,2.9842,-1.1321
41,3.37448,3.13329
41,3.33887,3.21129
41,3.33887,3.21129
41,3.33887,3.21129
41,3.33887,3.21129
41,3.33887,3.21129
41,3.33887,3.21129
41,3.33887,3.21129
41,3.33887,3.21129
41,3.33887,3.21129
42,3.33887,3.21129
42,3.51815,1.80177
42,3.33887,3.21129
42,3.33887,3.21129
42,3.33887,3.21129
42,3.33887,3.21129
42,3.33887,3.21129
42,3.33887,3.21129
42,3.33887,3.21129
42,3.33887,3.21129
42,3.33887,3.21129
42,3.33887,3.21129
42,3.33887,3.21129
42,3.33887,3.21129
42,3.77965,1.22334
42,3.33887,3.21129
42,3.33887,3.21129
42,3.78041,1.22738
42,3.33426,3.20991
42,3.33887,3.21129
42,3.11015,0.43984
42,3.33887,3.21129
42,3.33887,3.21129
42,3.72631,0.973531
42,3.33887,3.21129
42,3.33887,3.21129
42,3.33887,3.21129
42,3.33887,3.21129
42,3.33887,3.21129
42,2.8885,-1.08877
42,3.24882,2.6853
42,3.6224,0.965268
42,3.39149,3.04495
42,3.33887,3.21129
42,3.33887,3.21129
42,3.33887,3.21129
42,3.33887,3.21129
42,3.33887,3.21129
42,3.33887,3.21129
42,3.33887,3.21129
42,3.79674,1.31447
42,3.33887,3.21129
42,3.33887,3.21129
42,3.33887,3.21129
42,3.33887,3.21129
42,3.33887,3.21129
42,3.4017,2.97794
42,3.33887,3.21129
42,3.33887,3.21129
42,3.33887,3.21129
43,3.18807,1.81519
43,3.33887,3.21129
43,3.26499,2.85503
43,3.33887,3.21129
43,3.33887,3.21129
43,2.97046,-1.19602
43,3.33887,3.21129
43,3.33887,3.21129
43,3.1667,1.44844
43,3.33887,3.21129
43,3.33887,3.21129
43,3.33887,3.21129
43,3.33887,3.21129
43,3.33887,3.21129
43,3.33887,3.21129
43,3.33887,3.21129
43,3.33887,3.21129
43,3.33887,3.21129
43,3.33887,3.21129
43,3.33887,3.21129
43,3.33887,3.21129
43,3.33887,3.21129
43,3.00006,-1.02802
43,3.33887,3.21129
43,3.33887,3.21129
43,3.33887,3.21129
43,3.33887,3.21129
43,3.43826,2.66766
43,3.33887,3.21129
43,3.306,3.14082
43,3.33887,3.21129
43,3.33887,3.21129
43,3.19644,1.95252
43,3.33887,3.21129
43,2.89411,-1.12024
43,3.33887,3.21129
43,3.33887,3.21129
43,3.33887,3.21129
43,3.3245,3.19791
43,3.33887,3.21129
43,3.1902,1.8506
43,3.33887,3.21129
43,3.30856,3.15141
43,2.83939,-0.703662
43,3.33887,3.21129
43,3.33887,3.21129
43,3.33887,3.21129
43,3.7694,1.16963
43,3.33887,3.21129
43,3.52942,1.68155
44,3.33887,3.21129
44,3.33887,3.21129
44,2.9428,-1.25053
44,3.33887,3.21129
44,3.33887,3.21129
44,3.33887,3.21129
44,3.33887,3.21129
44,3.33887,3.21129
44,3.67059,0.864517
44,3.33887,3.21129
44,3.33887,3.21129
44,3.33887,3.21129
44,2.95988,-1.22852
44,3.33887,3.21129
44,3.30051,3.1152
44,3.16668,1.44812
44,3.33887,3.21129
44,3.33887,3.21129
44,3.33887,3.21129
44,3.33887,3.21129
44,3.33887,3.21129
44,3.50708,1.92316
44,3.33887,3.21129
44,3.04918,-0.512672
44,3.56135,1.37068
44,3.33887,3.21129
44,3.32014,3.18852
44,2.87285,-0.985718
44,3.33887,3.21129
44,3.22676,2.40736
44,3.33887,3.21129
44,3.68758,0.874819
44,3.30856,3.15141
44,3.33887,3.21129
44,3.41768,2.85463
44,3.33887,3.21129
44,3.33887,3.21129
44,3.22402,2.36939
44,3.33887,3.21129
44,3.33887,3.21129
44,3.33887,3.21129
44,3.63362,0.923956
44,3.33887,3.21129
44,3.33887,3.21129
44,3.33887,3.21129
44,3.33887,3.21129
44,3.54618,1.51194
44,3.33887,3.21129
44,3.69108,0.87966
44,3.33887,3.21129
45,3.33887,3.21129
45,3.33887,3.21129
45,3.30856,3.15141
45,3.33887,3.21129
45,3.25367,2.73933
45,3.33887,3.21129
45,3.33887,3.21129
45,3.33887,3.21129
45,3.33887,3.21129
45,3.33887,3.21129
45,3.34748,3.20661
45,3.65762,0.872194
45,3.33887,3.21129
45,3.33887,3.21129
45,3.58599,1.17252
45,3.33887,3.21129
45,3.33887,3.21129
45,3.82363,1.45292
45,3.33887,3.21129
45,3.33887,3.21129
45,3.33887,3.21129
45,3.33887,3.21129
45,3.33887,3.21129
45,3.33887,3.21129
45,3.33887,3.21129
45,3.33887,3.21129
45,3.33887,3.21129
45,3.33887,3.21129
45,3.33887,3.21129
45,3.33887,3.21129
45,2.95041,-1.24532
45,3.30243,3.12458
45,3.33887,3.21129
45,3.30847,3.15105
45,3.33887,3.21129
45,3.33887,3.21129
45,3.67213,0.86452
45,3.3729,3.13992
45,3.33887,3.21129
45,3.33887,3.21129
45,3.33887,3.21129
45,3.33887,3.21129
45,3.33887,3.21129
45,3.33887,3.21129
45,3.33887,3.21129
45,3.33887,3.21129
45,3.33887,3.21129
45,3.19235,1.88589
45,3.33887,3.21129
45,3.6485,0.886029
46,3.33887,3.21129
46,3.33887,3.21129
46,3.33887,3.21129
46,3.33887,3.21129
46,3.33887,3.21129
46,3.33887,3.21129
46,3.33887,3.21129
46,3.33887,3.21129
46,3.47971,2.22895
46,3.33887,3.21129
46,3.33887,3.21129
46,3.56308,1.3554
46,3.33887,3.21129
46,3.33887,3.21129
46,3.66968,0.864605
46,3.33887,3.21129
46,3.33887,3.21129
46,3.33887,3.21129
46,3.33887,3.21129
46,3.33887,3.21129
46,3.09012,0.0996231
46,3.33887,3.21129
46,3.33887,3.21129
46,3.33887,3.21129
46,3.33887,3.21129
46,3.33887,3.21129
46,2.9725,-1.18806
46,3.33887,3.21129
46,3.33887,3.21129
46,3.33887,3.21129
46,3.33887,3.21129
46,3.33887,3.21129
46,3.33997,3.21121
46,3.33887,3.21129
46,3.33887,3.21129
46,3.33887,3.21129
46,3.33887,3.21129
46,3.33887,3.21129
46,3.33887,3.21129
46,3.33887,3.21129
46,3.33887,3.21129
46,3.82363,1.45292
46,3.15594,1.25754
46,3.30856,3.15141
46,3.33887,3.21129
46,3.33887,3.21129
46,3.80027,1.33322
46,3.33887,3.21129
46,3.33887,3.21129
46,2.86551,-0.930328
47,3.33887,3.21129
47,3.33887,3.21129
47,3.45432,2.50492
47,3.33887,3.21129
47,3.33887,3.21129
47,3.33887,3.21129
47,2.9267,-1.23781
47,3.33887,3.21129
47,3.33887,3.21129
47,3.55535,1.42493
47,3.33887,3.21129
47,3.33887,3.21129
47,3.33887,3.21129
47,3.33887,3.21129
47,3.33887,3.21129
47,3.52624,1.7151
47,3.33887,3.21129
47,3.33887,3.21129
47,3.33887,3.21129
47,3.79186,1.28843
47,3.33887,3.21129
47,3.33887,3.21129
47,3.33887,3.21129
47,3.33887,3.21129
47,3.33887,3.21129
47,3.33887,3.21129
47,3.33887,3.21129
47,3.33887,3.21129
47,3.33887,3.21129
47,3.3877,3.06722
47,3.33887,3.21129
47,3.33887,3.21129
47,3.33887,3.21129
47,3.33887,3.21129
47,3.33887,3.21129
47,3.33887,3.21129
47,3.33887,3.21129
47,3.33887,3.21129
47,3.33887,3.21129
47,3.33887,3.21129
47,3.33978,3.21124
47,3.33887,3.21129
47,3.33887,3.21129
47,3.76618,1.1531
47,3.33887,3.21129
47,3.33887,3.21129
47,3.33887,3.21129
47,2.8885,-1.08875
47,3.33887,3.21129
47,3.33887,3.21129
48,3.33887,3.21129
48,3.33887,3.21129
48,3.33887,3.21129
48,3.33887,3.21129
48,3.33887,3.21129
48,2.91636,-1.21327
48,3.33887,3.21129
48,2.95901,-1.23053
48,3.33887,3.21129
48,3.33887,3.21129
48,3.33887,3.21129
48,3.33887,3.21129
48,3.07188,-0.189545
48,2.96202,-1.2231
48,3.33887,3.21129
48,3.33887,3.21129
48,3.33887,3.21129
48,3.33887,3.21129
48,3.33887,3.21129
48,3.33887,3.21129
48,3.32936,3.20543
48,3.33887,3.21129
48,3.33887,3.21129
48,3.33887,3.21129
48,3.44454,2.60556
48,3.33887,3.21129
48,3.33887,3.21129
48,3.33887,3.21129
48,3.33887,3.21129
48,3.33887,3.21129
48,3.33887,3.21129
48,3.33887,3.21129
48,3.33887,3.21129
48,3.33887,3.21129
48,3.33887,3.21129
48,3.33887,3.21129
48,3.33887,3.21129
48,3.33887,3.21129
48,3.33887,3.21129
48,3.33887,3.21129
48,3.33887,3.21129
48,3.33887,3.21129
48,3.33887,3.21129
48,3.33887,3.21129
48,3.33887,3.21129
48,3.33887,3.21129
48,3.33887,3.21129
48,3.33887,3.21129
48,3.33887,3.21129
48,3.33887,3.21129
49,3.33887,3.21129
49,3.33887,3.21129
49,3.02296,-0.82228
49,3.1758,1.60699
49,3.33887,3.21129
49,3.33887,3.21129
49,3.33887,3.21129
49,3.33887,3.21129
49,3.33887,3.21129
49,3.11628,0.547313
49,3.08446,0.00745634
49,3.33887,3.21129
49,3.33887,3.21129
49,3.26603,2.86499
49,3.33887,3.21129
49,3.33887,3.21129
49,3.39785,3.00438
49,3.01519,-0.899144
49,2.90447,-1.17011
49,3.33887,3.21129
49,3.33887,3.21129
49,3.33887,3.21129
49,3.54946,1.48031
49,3.33887,3.21129
49,3.33887,3.21129
49,3.33887,3.21129
49,3.33887,3.21129
49,3.33887,3.21129
49,3.33887,3.21129
49,3.33887,3.21129
49,2.88795,-1.08552
49,3.69508,0.886277
49,3.33887,3.21129
49,3.33887,3.21129
49,3.33887,3.21129
49,3.33887,3.21129
49,3.33887,3.21129
49,3.33887,3.21129
49,3.33887,3.21129
49,3.33887,3.21129
49,3.33887,3.21129
49,3.33887,3.21129
49,3.03596,-0.678078
49,3.33887,3.21129
49,3.33887,3.21129
49,3.39882,2.99787
49,3.33887,3.21129
49,3.33887,3.21129
49,3.33887,3.21129
49,3.33887,3.21129
50,3.33887,3.21129
50,3.28802,3.04214
50,3.83069,1.48672
50,3.33887,3.21129
50,3.33887,3.21129
50,3.33887,3.21129
50,3.33887,3.21129
50,3.33887,3.21129
50,3.33887,3.21129
50,3.33887,3.21129
50,3.33887,3.21129
50,3.33887,3.21129
50,3.3676,3.1601
50,3.33887,3.21129
50,3.33887,3.21129
50,3.33887,3.21129
50,3.69508,0.886277
50,3.33887,3.21129
50,3.33887,3.21129
50,3.33887,3.21129
50,2.96238,-1.22213
50,3.33887,3.21129
50,3.33887,3.21129
50,3.33887,3.21129
50,3.19588,1.94348
50,3.28332,3.0094
50,3.33887,3.21129
50,3.33887,3.21129
50,3.70083,0.897719
50,3.33887,3.21129
50,3.33887,3.21129
50,3.33887,3.21129
50,3.80719,1.36962
50,3.33887,3.21129
50,3.33887,3.21129
50,3.15082,1.16593
50,3.33887,3.21129
50,2.95923,-1.23002
50,3.33887,3.21129
50,3.30176,3.12136
50,3.33887,3.21129
50,3.47962,2.22996
50,2.95474,-1.23906
50,3.33887,3.21129
50,3.33887,3.21129
50,3.33887,3.21129
50,3.33887,3.21129
50,3.33887,3.21129
50,3.33887,3.21129
50,3.33887,3.21129
51,3.33887,3.21129
51,3.12241,0.656031
51,3.33887,3.21129
51,3.33887,3.21129
51,3.33897,3.21129
51,3.4014,2.98009
51,3.33887,3.21129
51,3.36595,3.16573
51,3.33887,3.21129
51,3.33887,3.21129
51,3.33887,3.21129
51,3.33887,3.21129
51,3.33887,3.21129
51,3.33887,3.21129
51,3.33887,3.21129
51,3.33887,3.21129
51,3.33887,3.21129
51,3.08298,-0.0163132
51,3.33887,3.21129
51,3.33887,3.21129
51,3.33887,3.21129
51,3.33887,3.21129
51,3.33887,3.21129
51,3.33887,3.21129
51,3.33887,3.21129
51,3.33887,3.21129
51,3.70397,0.904922
51,3.33887,3.21129
51,3.70403,0.905067
51,3.33887,3.21129
51,3.80683,1.3677
51,3.33887,3.21129
51,3.33887,3.21129
51,3.33887,3.21129
51,3.33887,3.21129
51,3.33887,3.21129
51,3.33887,3.21129
51,3.33887,3.21129
51,3.33887,3.21129
51,3.33887,3.21129
51,2.96946,-1.19972
51,3.33887,3.21129
51,3.33887,3.21129
51,3.33887,3.21129
51,3.33887,3.21129
51,3.33887,3.21129
51,3.33887,3.21129
51,3.33887,3.21129
51,3.33887,3.21129
51,3.33887,3.21129
52,3.33887,3.21129
52,3.33887,3.21129
52,3.33887,3.21129
52,3.33887,3.21129
52,3.76906,1.16787
52,3.42777,2.76641
52,3.80489,1.35754
52,3.33887,3.21129
52,3.33887,3.21129
52,3.33887,3.21129
52,3.33887,3.21129
52,3.33887,3.21129
52,3.33887,3.21129
52,3.17156,1.53342
52,3.33887,3.21129
52,3.33887,3.21129
52,3.33887,3.21129
52,3.80283,1.34671
52,3.33887,3.21129
52,3.33887,3.21129
52,3.33887,3.21129
52,3.33887,3.21129
52,3.49574,2.0495
52,3.33887,3.21129
52,3.33887,3.21129
52,3.33887,3.21129
52,3.33887,3.21129
52,3.33887,3.21129
52,3.4684,2.35386
52,3.33887,3.21129
52,3.33887,3.21129
52,3.61677,0.990091
52,3.33887,3.21129
52,3.33887,3.21129
52,3.33887,3.21129
52,3.33887,3.21129
52,3.33887,3.21129
52,3.33887,3.21129
52,3.33887,3.21129
52,3.33887,3.21129
52,3.33887,3.21129
52,3.33887,3.21129
52,3.33887,3.21129
52,3.33887,3.21129
52,3.33887,3.21129
52,3.33887,3.21129
52,3.68264,0.869534
52,3.33887,3.21129
52,3.33887,3.21129
52,3.33887,3.21129
53,3.33887,3.21129
53,3.33887,3.21129
53,3.33887,3.21129
53,3.33887,3.21129
53,3.33887,3.21129
53,3.11304,0.490375
53,3.33887,3.21129
53,3.33887,3.21129
53,2.94832,-1.24748
53,3.33887,3.21129
53,3.33887,3.21129
53,3.33887,3.21129
53,3.01401,-0.910193
53,3.33887,3.21129
53,3.33887,3.21129
53,3.33887,3.21129
53,3.33887,3.21129
53,3.33887,3.21129
53,3.33887,3.21129
53,3.33887,3.21129
53,3.33887,3.21129
53,3.33887,3.21129
53,3.33887,3.21129
53,3.33887,3.21129
53,3.33887,3.21129
53,3.33887,3.21129
53,3.33887,3.21129
53,3.33887,3.21129
53,3.33887,3.21129
53,3.33887,3.21129
53,3.33887,3.21129
53,3.73346,1.00116
53,3.33887,3.21129
53,3.33887,3.21129
53,3.33887,3.21129
53,3.80675,1.36729
53,3.33887,3.21129
53,3.33887,3.21129
53,3.33887,3.21129
53,3.591,1.1376
53,3.42842,2.76057
53,3.03357,-0.705965
53,3.33887,3.21129
53,3.33887,3.21129
53,3.33887,3.21129
53,3.33887,3.21129
53,3.53103,1.66469
53,3.28152,2.99615
53,3.69119,0.879828
53,3.33887,3.21129
54,3.83449,1.50426
54,3.33887,3.21129
54,3.33887,3.21129
54,3.33887,3.21129
54,3.33887,3.21129
54,3.33887,3.21129
54,3.33887,3.21129
54,3.33887,3.21129
54,3.33887,3.21129
54,2.86091,-0.89365
54,3.35216,3.20017
54,3.33887,3.21129
54,3.70154,0.899302
54,3.33887,3.21129
54,3.33887,3.21129
54,3.33887,3.21129
54,3.33887,3.21129
54,3.33887,3.21129
54,3.33887,3.21129
54,2.87728,-1.01704
54,3.72523,0.969547
54,3.33887,3.21129
54,3.33887,3.21129
54,3.52786,1.69789
54,3.33887,3.21129
54,3.33887,3.21129
54,3.33887,3.21129
54,3.0092,-0.953533
54,3.66127,0.868621
54,3.3564,3.19201
54,3.33887,3.21129
54,3.33887,3.21129
54,3.6008,1.07506
54,3.33887,3.21129
54,3.33887,3.21129
54,3.71855,0.946455
54,3.33887,3.21129
54,3.33887,3.21129
54,3.33887,3.21129
54,3.33887,3.21129
54,3.33887,3.21129
54,3.64804,0.886917
54,3.33887,3.21129
54,3.33887,3.21129
54,3.33887,3.21129
54,3.33887,3.21129
54,3.82254,1.44759
54,3.33887,3.21129
54,3.23454,2.51103
54,3.33887,3.21129
55,3.2337,2.50013
55,3.19981,2.00651
55,3.33887,3.21129
55,2.9328,-1.24637
55,3.33887,3.21129
55,3.75873,1.11565
55,3.33887,3.21129
55,3.33887,3.21129
55,3.33887,3.21129
55,3.33887,3.21129
55,3.39062,3.05018
55,3.33887,3.21129
55,3.33887,3.21129
55,3.33887,3.21129
55,3.33887,3.21129
55,3.51413,1.84548
55,3.33887,3.21129
55,3.33887,3.21129
55,3.33887,3.21129
55,2.87204,-0.979808
55,3.33887,3.21129
55,3.33887,3.21129
55,3.33887,3.21129
55,3.33887,3.21129
55,3.25777,2.78304
55,3.33887,3.21129
55,3.33887,3.21129
55,2.89619,-1.13114
55,3.59078,1.13912
55,3.33887,3.21129
55,3.33887,3.21129
55,3.33887,3.21129
55,3.33887,3.21129
55,3.33887,3.21129
55,3.33887,3.21129
55,3.64778,0.887426
55,3.33887,3.21129
55,3.33887,3.21129
55,3.33887,3.21129
55,3.02242,-0.827844
55,3.33887,3.21129
55,3.33887,3.21129
55,2.94191,-1.25067
55,3.33887,3.21129
55,3.8091,1.37954
55,3.77039,1.17476
55,2.85198,-0.818134
55,3.33887,3.21129
55,3.33887,3.21129
55,3.33887,3.21129
56,3.33887,3.21129
56,3.33887,3.21129
56,3.33887,3.21129
56,3.10574,0.363307
56,3.33887,3.21129
56,3.33887,3.21129
56,3.33887,3.21129
56,3.33887,3.21129
56,3.33887,3.21129
56,3.33887,3.21129
56,3.33887,3.21129
56,3.33887,3.21129
56,3.33887,3.21129
56,3.33887,3.21129
56,3.35844,3.18729
56,3.0156,-0.895316
56,3.33887,3.21129
56,3.33887,3.21129
56,3.57703,1.2396
56,3.33887,3.21129
56,3.33887,3.21129
56,3.33887,3.21129
56,3.7573,1.10859
56,3.33887,3.21129
56,3.33887,3.21129
56,3.33887,3.21129
56,3.33887,3.21129
56,3.33887,3.21129
56,3.33887,3.21129
56,3.33887,3.21129
56,3.33887,3.21129
56,3.45522,2.49548
56,3.33887,3.21129
56,2.86505,-0.926719
56,3.33887,3.21129
56,3.33887,3.21129
56,3.33887,3.21129
56,3.33887,3.21129
56,3.33887,3.21129
56,3.33887,3.21129
56,3.5039,1.9584
56,3.33887,3.21129
56,3.33887,3.21129
56,3.1772,1.63116
56,3.33887,3.21129
56,3.33887,3.21129
56,3.33887,3.21129
56,3.33887,3.21129
56,3.33887,3.21129
56,3.33887,3.21129
57,3.33887,3.21129
57,3.33887,3.21129
57,3.33887,3.21129
57,3.33887,3.21129
57,3.61639,0.99183
57,3.74784,1.06355
57,3.33887,3.21129
57,3.33887,3.21129
57,3.33887,3.21129
57,3.22509,2.3843
57,3.33887,3.21129
57,3.33887,3.21129
57,3.33887,3.21129
57,2.85421,-0.837509
57,3.33887,3.21129
57,3.28731,3.03736
57,3.33887,3.21129
57,3.33887,3.21129
57,3.33887,3.21129
57,3.33887,3.21129
57,3.33887,3.21129
57,3.54617,1.51204
57,3.33887,3.21129
57,3.33887,3.21129
57,3.33887,3.21129
57,3.32999,3.20618
57,3.33887,3.21129
57,3.57624,1.24579
57,3.33887,3.21129
57,3.33887,3.21129
57,2.98945,-1.1012
57,3.33887,3.21129
57,3.71339,0.930275
57,3.33887,3.21129
57,3.44674,2.58325
57,3.33887,3.21129
57,3.33887,3.21129
57,3.33887,3.21129
57,3.33887,3.21129
57,3.33887,3.21129
57,3.39398,3.02953
57,3.33887,3.21129
57,3.33887,3.21129
57,3.33887,3.21129
57,3.33887,3.21129
57,2.96765,-1.20605
57,3.33887,3.21129
57,3.33887,3.21129
57,3.27786,2.96783
57,3.32869,3.20457
58,3.33887,3.21129
58,3.01649,-0.886781
58,3.25341,2.73655
58,3.33887,3.21129
58,3.69724,0.89031
58,3.33887,3.21129
58,3.33887,3.21129
58,3.33887,3.21129
58,3.33887,3.21129
58,3.33887,3.21129
58,3.54617,1.51204
58,3.33887,3.21129
58,3.33887,3.21129
58,2.86702,-0.942093
58,3.76772,1.16099
58,3.05597,-0.420942
58,3.32999,3.20618
58,3.33887,3.21129
58,3.33887,3.21129
58,3.33887,3.21129
58,3.33887,3.21129
58,3.33887,3.21129
58,3.33887,3.21129
58,3.68864,0.876198
58,3.33887,3.21129
58,3.33887,3.21129
58,3.33887,3.21129
58,3.33887,3.21129
58,3.33887,3.21129
58,3.65613,0.873964
58,3.33887,3.21129
58,3.33887,3.21129
58,2.98762,-1.1124
58,3.33887,3.21129
58,3.33887,3.21129
58,3.11173,0.467474
58,3.33887,3.21129
58,3.33887,3.21129
58,3.33887,3.21129
58,3.33887,3.21129
58,3.12082,0.627629
58,3.33887,3.21129
58,3.33887,3.21129
58,3.33887,3.21129
58,3.33887,3.21129
58,3.33887,3.21129
58,3.26372,2.84281
58,3.33887,3.21129
58,3.33887,3.21129
58,3.39574,3.01825
59,3.33887,3.21129
59,3.33887,3.21129
59,3.33887,3.21129
59,3.33887,3.21129
59,3.33887,3.21129
59,3.33887,3.21129
59,3.12897,0.773142
59,3.33887,3.21129
59,3.33887,3.21129
59,3.79455,1.3028
59,3.70035,0.896679
59,3.33887,3.21129
59,3.33887,3.21129
59,3.33887,3.21129
59,3.49198,2.09163
59,3.33887,3.21129
59,3.53947,1.57831
59,3.33887,3.21129
59,3.33887,3.21129
59,3.33887,3.21129
59,3.58394,1.18734
59,3.33887,3.21129
59,3.48471,2.17306
59,3.12442,0.6917
59,2.89872,-1.14376
59,3.81624,1.41616
59,3.33887,3.21129
59,3.11217,0.475101
59,3.15657,1.26875
59,3.33887,3.21129
59,3.33887,3.21129
59,3.33887,3.21129
59,3.33887,3.21129
59,3.33887,3.21129
59,3.33887,3.21129
59,3.33887,3.21129
59,2.86297,-0.910288
59,3.33887,3.21129
59,3.33887,3.21129
59,3.03311,-0.711241
59,3.33887,3.21129
59,3.33887,3.21129
59,3.33887,3.21129
59,3.33887,3.21129
59,3.62216,0.966258
59,3.33887,3.21129
59,3.33887,3.21129
59,3.33887,3.21129
59,3.80962,1.38225
59,3.33887,3.21129
60,3.33887,3.21129
60,3.33887,3.21129
60,3.33887,3.21129
60,2.96541,-1.21333
60,3.33887,3.21129
60,3.33887,3.21129
60,3.33887,3.21129
60,3.33887,3.21129
60,3.33887,3.21129
60,3.33887,3.21129
60,3.33887,3.21129
60,3.33887,3.21129
60,2.94971,-1.2461
60,3.33887,3.21129
60,3.34906,3.20473
60,3.33887,3.21129
60,3.33887,3.21129
60,3.33887,3.21129
60,3.33887,3.21129
60,3.33887,3.21129
60,3.33887,3.21129
60,3.06079,-0.353129
60,3.93841,1.69457
60,3.48471,2.17306
60,3.33887,3.21129
60,3.33887,3.21129
60,3.33887,3.21129
60,3.37435,3.13384
60,3.33887,3.21129
60,3.33887,3.21129
60,3.33887,3.21129
60,3.33887,3.21129
60,3.33887,3.21129
60,3.33887,3.21129
60,3.33887,3.21129
60,3.33887,3.21129
60,3.33887,3.21129
60,3.33887,3.21129
60,3.16766,1.46533
60,3.33887,3.21129
60,3.69593,0.887813
60,3.33887,3.21129
60,3.33887,3.21129
60,3.33887,3.21129
60,3.33887,3.21129
60,3.48471,2.17306
60,3.33887,3.21129
60,2.99465,-1.06709
60,2.91489,-1.2088
60,3.33887,3.21129
61,3.33887,3.21129
61,3.33887,3.21129
61,3.33887,3.21129
61,3.33887,3.21129
61,3.34906,3.20473
61,3.33887,3.21129
61,3.33887,3.21129
61,3.55056,1.46984
61,3.26197,2.82569
61,3.33887,3.21129
61,3.33887,3.21129
61,3.33887,3.21129
61,3.33887,3.21129
61,3.37424,3.13428
61,3.33887,3.21129
61,3.33887,3.21129
61,3.28055,2.98876
61,3.42594,2.78292
61,3.33887,3.21129
61,2.87021,-0.966288
61,3.33887,3.21129
61,3.17611,1.61244
61,3.59625,1.10316
61,3.33887,3.21129
61,3.33887,3.21129
61,3.36969,3.1525
61,3.33887,3.21129
61,3.33887,3.21129
61,3.33887,3.21129
61,3.16165,1.35912
61,3.21083,2.17751
61,3.33887,3.21129
61,3.12552,0.711345
61,3.33887,3.21129
61,3.33887,3.21129
61,3.33887,3.21129
61,3.25845,2.79005
61,3.33887,3.21129
61,3.33887,3.21129
61,3.33887,3.21129
61,2.93829,-1.25019
61,3.33887,3.21129
61,3.33887,3.21129
61,3.33887,3.21129
61,3.33887,3.21129
61,3.33887,3.21129
61,3.33887,3.21129
61,3.33887,3.21129
61,3.73697,1.0156
61,3.51854,1.79749
62,3.33887,3.21129
62,3.33887,3.21129
62,3.33887,3.21129
62,3.33887,3.21129
62,3.33887,3.21129
62,3.33887,3.21129
62,3.33887,3.21129
62,3.33887,3.21129
62,3.33887,3.21129
62,3.33887,3.21129
62,3.33887,3.21129
62,3.64849,0.886053
62,3.33887,3.21129
62,3.33887,3.21129
62,3.63355,0.924167
62,3.33887,3.21129
62,2.86982,-0.963343
62,3.33887,3.21129
62,3.33887,3.21129
62,3.33887,3.21129
62,3.33887,3.21129
62,3.33887,3.21129
62,3.33887,3.21129
62,3.38651,3.07392
62,3.13407,0.864738
62,3.33887,3.21129
62,3.33887,3.21129
62,3.33887,3.21129
62,3.33887,3.21129
62,3.10124,0.286068
62,3.33887,3.21129
62,3.33887,3.21129
62,3.33887,3.21129
62,3.33887,3.21129
62,3.33887,3.21129
62,3.1754,1.60013
62,3.33887,3.21129
62,3.26831,2.88612
62,3.33887,3.21129
62,3.33887,3.21129
62,3.33887,3.21129
62,3.33887,3.21129
62,3.33887,3.21129
62,3.47022,2.33396
62,3.33887,3.21129
62,3.33887,3.21129
62,3.33887,3.21129
62,3.33887,3.21129
62,3.33887,3.21129
62,3.33887,3.21129
63,3.33887,3.21129
63,3.33887,3.21129
63,3.33887,3.21129
63,3.33887,3.21129
63,3.33887,3.21129
63,3.33887,3.21129
63,2.86284,-0.909212
63,3.33887,3.21129
63,3.33887,3.21129
63,3.33887,3.21129
63,3.33887,3.21129
63,3.33887,3.21129
63,3.33887,3.21129
63,3.33887,3.21129
63,3.33887,3.21129
63,3.33887,3.21129
63,3.33887,3.21129
63,3.33887,3.21129
63,3.81225,1.39581
63,3.33887,3.21129
63,3.33887,3.21129
63,3.33887,3.21129
63,3.33887,3.21129
63,2.95789,-1.23301
63,3.33887,3.21129
63,3.33887,3.21129
63,3.33887,3.21129
63,3.33887,3.21129
63,3.67125,0.864495
63,3.33887,3.21129
63,3.33887,3.21129
63,3.29508,3.08593
63,3.23745,2.54829
63,3.33887,3.21129
63,3.33887,3.21129
63,3.28004,2.98487
63,3.33887,3.21129
63,3.47295,2.30385
63,3.65674,0.873219
63,3.33887,3.21129
63,3.33887,3.21129
63,3.33645,3.2109
63,3.33887,3.21129
63,3.33887,3.21129
63,3.33887,3.21129
63,3.33887,3.21129
63,3.33887,3.21129
63,3.33887,3.21129
63,3.33887,3.21129
63,3.33887,3.21129
64,3.33887,3.21129
64,3.33887,3.21129
64,3.33887,3.21129
64,3.33887,3.21129
64,3.33887,3.21129
64,3.33887,3.21129
64,3.33887,3.21129
64,3.33887,3.21129
64,3.49302,2.08004
64,3.33887,3.21129
64,3.33887,3.21129
64,3.57369,1.26612
64,3.33887,3.21129
64,3.33887,3.21129
64,3.33887,3.21129
64,3.33887,3.21129
64,3.33887,3.21129
64,3.33887,3.21129
64,3.42611,2.78139
64,3.33887,3.21129
64,3.33887,3.21129
64,3.33887,3.21129
64,3.33887,3.21129
64,3.33887,3.21129
64,3.33887,3.21129
64,3.33887,3.21129
64,3.22576,2.39357
64,3.33887,3.21129
64,3.14821,1.1191
64,2.89676,-1.13404
64,3.33887,3.21129
64,3.7226,0.960187
64,3.33887,3.21129
64,3.33887,3.21129
64,3.7092,0.918319
64,3.33153,3.2078
64,2.98957,-1.10042
64,3.83258,1.49553
64,3.33887,3.21129
64,3.33887,3.21129
64,3.33887,3.21129
64,3.33887,3.21129
64,3.33887,3.21129
64,3.33887,3.21129
64,3.33887,3.21129
64,3.33887,3.21129
64,3.27789,2.9681
64,3.33887,3.21129
64,3.33887,3.21129
64,3.33887,3.21129
65,3.33887,3.21129
65,2.84311,-0.738388
65,3.33887,3.21129
65,3.33887,3.21129
65,3.33887,3.21129
65,3.33887,3.21129
65,3.33887,3.21129
65,3.33887,3.21129
65,3.33887,3.21129
65,3.33887,3.21129
65,3.33887,3.21129
65,2.88691,-1.07931
65,3.33887,3.21129
65,3.33887,3.21129
65,3.33887,3.21129
65,3.22014,2.31458
65,3.33887,3.21129
65,3.74205,1.03744
65,3.33887,3.21129
65,3.33887,3.21129
65,3.33887,3.21129
65,3.33887,3.21129
65,3.15784,1.29153
65,3.33887,3.21129
65,3.33887,3.21129
65,3.47765,2.25183
65,3.33887,3.21129
65,3.33887,3.21129
65,3.33887,3.21129
65,3.33887,3.21129
65,3.33887,3.21129
65,3.32073,3.18993
65,3.33887,3.21129
65,3.33887,3.21129
65,3.33887,3.21129
65,3.36692,3.16243
65,3.33887,3.21129
65,3.33887,3.21129
65,3.60542,1.04831
65,3.33887,3.21129
65,3.33887,3.21129
65,3.14828,1.12032
65,3.25775,2.78283
65,3.33887,3.21129
65,3.33887,3.21129
65,3.33887,3.21129
65,3.33887,3.21129
65,3.33887,3.21129
65,3.0773,-0.106109
65,3.28054,2.98869
66,3.33887,3.21129
66,3.46214,2.42177
66,3.33887,3.21129
66,3.71717,0.941973
66,3.33887,3.21129
66,3.33887,3.21129
66,3.74811,1.06478
66,3.73551,1.00954
66,3.33887,3.21129
66,3.44734,2.57713
66,3.33887,3.21129
66,3.33887,3.21129
66,3.37713,3.12153
66,3.33887,3.21129
66,3.33887,3.21129
66,3.33887,3.21129
66,3.16453,1.41023
66,3.33887,3.21129
66,3.083,-0.0159487
66,3.33887,3.21129
66,3.07865,-0.0850291
66,3.33887,3.21129
66,3.33887,3.21129
66,3.33887,3.21129
66,3.33887,3.21129
66,3.33887,3.21129
66,3.06825,-0.244206
66,3.33887,3.21129
66,3.33887,3.21129
66,3.33887,3.21129
66,3.81055,1.38704
66,3.33887,3.21129
66,3.33887,3.21129
66,3.33887,3.21129
66,3.33887,3.21129
66,3.33887,3.21129
66,3.33887,3.21129
66,3.33887,3.21129
66,3.60542,1.04831
66,2.94649,-1.24892
66,3.33887,3.21129
66,3.33887,3.21129
66,3.26823,2.88542
66,3.60542,1.04831
66,3.33887,3.21129
66,3.29688,3.09609
66,3.33887,3.21129
66,3.63032,0.934976
66,3.33887,3.21129
66,3.33887,3.21129
67,3.33887,3.21129
67,3.33887,3.21129
67,3.33887,3.21129
67,3.3533,3.19818
67,3.33887,3.21129
67,2.93135,-1.24474
67,3.33887,3.21129
67,3.01765,-0.875606
67,3.49155,2.09653
67,3.33887,3.21129
67,3.33887,3.21129
67,3.33887,3.21129
67,3.33887,3.21129
67,3.33887,3.21129
67,3.20359,2.06628
67,3.33887,3.21129
67,3.33461,3.21011
67,3.75135,1.07993
67,3.33887,3.21129
67,3.33887,3.21129
67,3.33887,3.21129
67,3.33887,3.21129
67,3.33887,3.21129
67,3.33887,3.21129
67,3.33887,3.21129
67,3.33887,3.21129
67,3.33887,3.21129
67,3.33887,3.21129
67,3.33887,3.21129
67,3.33887,3.21129
67,3.33887,3.21129
67,3.33887,3.21129
67,3.33887,3.21129
67,3.29653,3.09415
67,3.80358,1.35065
67,3.33887,3.21129
67,3.74989,1.07309
67,3.33887,3.21129
67,3.33887,3.21129
67,3.33887,3.21129
67,3.33887,3.21129
67,2.96282,-1.22093
67,3.33887,3.21129
67,3.69572,0.887426
67,3.33887,3.21129
67,3.33887,3.21129
67,3.33887,3.21129
67,3.33887,3.21129
67,3.33887,3.21129
67,3.33887,3.21129
68,3.53248,1.64964
68,3.33887,3.21129
68,3.33887,3.21129
68,3.33887,3.21129
68,3.33887,3.21129
68,3.33887,3.21129
68,3.33887,3.21129
68,3.33887,3.21129
68,3.63989,0.905635
68,3.33887,3.21129
68,3.56489,1.33963
68,3.33887,3.21129
68,3.33887,3.21129
68,3.33887,3.21129
68,3.33887,3.21129
68,3.33887,3.21129
68,3.7735,1.19095
68,3.33887,3.21129
68,3.04543,-0.561328
68,3.33887,3.21129
68,3.39602,3.01642
68,3.33887,3.21129
68,3.33887,3.21129
68,3.33887,3.21129
68,3.33887,3.21129
68,3.33887,3.21129
68,3.33887,3.21129
68,3.58755,1.16145
68,2.92365,-1.23188
68,3.33887,3.21129
68,3.33887,3.21129
68,3.32612,3.20075
68,3.33887,3.21129
68,3.17005,1.50706
68,3.33887,3.21129
68,3.33887,3.21129
68,3.33887,3.21129
68,3.33887,3.21129
68,3.33887,3.21129
68,3.33887,3.21129
68,3.33887,3.21129
68,3.33887,3.21129
68,3.33887,3.21129
68,3.33887,3.21129
68,3.33887,3.21129
68,3.33887,3.21129
68,3.2492,2.68957
68,3.33887,3.21129
68,3.33887,3.21129
68,3.33887,3.21129
69,3.33887,3.21129
69,3.51577,1.82765
69,3.33887,3.21129
69,3.33887,3.21129
69,3.21071,2.17575
69,3.33887,3.21129
69,3.33887,3.21129
69,3.33887,3.21129
69,3.33887,3.21129
69,3.33887,3.21129
69,3.09996,0.264403
69,3.33887,3.21129
69,3.33887,3.21129
69,3.33887,3.21129
69,3.33887,3.21129
69,3.33887,3.21129
69,3.78994,1.27816
69,3.33887,3.21129
69,3.33887,3.21129
69,3.17263,1.55209
69,3.33887,3.21129
69,2.92555,-1.23571
69,3.33887,3.21129
69,3.33887,3.21129
69,2.98955,-1.10058
69,3.33887,3.21129
69,3.33887,3.21129
69,3.59913,1.0852
69,3.33887,3.21129
69,3.33887,3.21129
69,3.33887,3.21129
69,3.44293,2.62164
69,3.33887,3.21129
69,3.5801,1.21599
69,3.33887,3.21129
69,3.33887,3.21129
69,3.33887,3.21129
69,3.33887,3.21129
69,3.10455,0.342803
69,3.33887,3.21129
69,3.33887,3.21129
69,3.33887,3.21129
69,3.33887,3.21129
69,3.76006,1.12225
69,3.33887,3.21129
69,3.33887,3.21129
69,3.33887,3.21129
69,3.33887,3.21129
69,3.33887,3.21129
69,3.33887,3.21129
70,3.33887,3.21129
70,3.33887,3.21129
70,2.97898,-1.15928
70,3.75391,1.09215
70,3.33887,3.21129
70,3.33887,3.21129
70,3.33887,3.21129
70,3.33887,3.21129
70,3.51873,1.79542
70,3.33887,3.21129
70,3.33887,3.21129
70,3.33887,3.21129
70,3.33887,3.21129
70,3.5462,1.51172
70,3.33887,3.21129
70,3.33887,3.21129
70,3.45938,2.4514
70,3.33887,3.21129
70,3.33887,3.21129
70,3.33887,3.21129
70,3.33887,3.21129
70,3.33887,3.21129
70,3.33887,3.21129
70,3.33887,3.21129
70,3.33887,3.21129
70,3.33887,3.21129
70,3.72199,0.958058
70,3.33887,3.21129
70,3.78994,1.27816
70,3.33887,3.21129
70,3.33887,3.21129
70,3.4032,2.96733
70,3.33887,3.21129
70,3.33887,3.21129
70,3.33887,3.21129
70,3.47342,2.29869
70,3.37509,3.13064
70,3.33887,3.21129
70,3.33887,3.21129
70,3.33887,3.21129
70,3.33887,3.21129
70,3.33887,3.21129
70,3.00704,-0.972079
70,3.1419,1.00547
70,3.33887,3.21129
70,3.33887,3.21129
70,3.33887,3.21129
70,3.33887,3.21129
70,3.33887,3.21129
70,3.33887,3.21129
71,3.33887,3.21129
71,3.30281,3.1264
71,2.90064,-1.15294
71,3.33887,3.21129
71,3.33887,3.21129
71,3.33887,3.21129
71,3.33887,3.21129
71,3.12742,0.745353
71,3.33887,3.21129
71,3.01356,-0.914381
71,3.6683,0.864867
71,3.05975,-0.367899
71,3.3545,3.19593
71,3.33887,3.21129
71,3.33887,3.21129
71,3.33887,3.21129
71,3.33887,3.21129
71,3.33887,3.21129
71,3.02538,-0.796881
71,3.33887,3.21129
71,3.33887,3.21129
71,3.33887,3.21129
71,3.33887,3.21129
71,3.52411,1.73763
71,3.77325,1.18964
71,3.33887,3.21129
71,3.33887,3.21129
71,3.33887,3.21129
71,3.33887,3.21129
71,3.33887,3.21129
71,3.33887,3.21129
71,3.03886,-0.643322
71,2.88028,-1.03734
71,3.33887,3.21129
71,3.15762,1.28755
71,3.61299,1.00826
71,3.15663,1.26992
71,3.33887,3.21129
71,2.89295,-1.11398
71,3.33887,3.21129
71,3.33887,3.21129
71,3.33887,3.21129
71,3.33887,3.21129
71,3.33887,3.21129
71,3.33887,3.21129
71,3.33887,3.21129
71,3.33887,3.21129
71,3.18782,1.81108
71,3.33887,3.21129
71,3.33887,3.21129
72,3.33887,3.21129
72,3.33887,3.21129
72,3.33887,3.21129
72,3.33887,3.21129
72,3.33887,3.21129
72,3.33887,3.21129
72,2.90292,-1.16337
72,3.33887,3.21129
72,3.0684,-0.241952
72,3.33887,3.21129
72,3.68671,0.873758
72,3.33887,3.21129
72,3.33887,3.21129
72,3.33887,3.21129
72,3.31053,3.15899
72,3.21547,2.24678
72,3.33887,3.21129
72,3.51565,1.82897
72,3.33887,3.21129
72,2.86206,-0.902967
72,2.87178,-0.977919
72,3.33887,3.21129
72,3.33887,3.21129
72,3.33887,3.21129
72,3.33887,3.21129
72,3.33887,3.21129
72,3.33887,3.21129
72,3.33887,3.21129
72,3.33887,3.21129
72,3.33887,3.21129
72,3.33887,3.21129
72,3.33887,3.21129
72,3.33887,3.21129
72,3.78748,1.26502
72,2.98874,-1.1056
72,3.33887,3.21129
72,3.33887,3.21129
72,3.33887,3.21129
72,3.33887,3.21129
72,3.33887,3.21129
72,3.33887,3.21129
72,3.33887,3.21129
72,3.33887,3.21129
72,3.33887,3.21129
72,3.45504,2.49736
72,3.33887,3.21129
72,3.33887,3.21129
72,3.34809,3.20592
72,3.33887,3.21129
72,3.39686,3.01092
73,3.33887,3.21129
73,3.64798,0.88703
73,3.07529,-0.1374
73,3.33887,3.21129
73,3.33887,3.21129
73,3.33887,3.21129
73,3.47131,2.32199
73,3.33887,3.21129
73,3.33003,3.20623
73,3.33887,3.21129
73,3.55892,1.3924
73,3.33887,3.21129
73,3.33887,3.21129
73,3.33887,3.21129
73,3.33887,3.21129
73,3.36632,3.16447
73,3.33887,3.21129
73,3.33887,3.21129
73,3.23507,2.51792
73,3.3133,3.16874
73,3.33887,3.21129
73,3.33887,3.21129
73,3.33887,3.21129
73,3.50811,1.91171
73,3.33887,3.21129
73,3.33887,3.21129
73,3.33887,3.21129
73,3.33887,3.21129
73,3.33887,3.21129
73,2.98178,-1.14515
73,3.33887,3.21129
73,3.33887,3.21129
73,3.82252,1.44749
73,2.91566,-1.21118
73,3.33887,3.21129
73,3.33887,3.21129
73,3.73048,0.989341
73,3.25882,2.79385
73,3.33887,3.21129
73,3.33887,3.21129
73,3.56823,1.31116
73,3.33887,3.21129
73,3.33887,3.21129
73,3.33887,3.21129
73,3.33887,3.21129
73,3.33887,3.21129
73,3.33887,3.21129
73,3.33887,3.21129
73,3.33887,3.21129
73,3.03447,-0.695495
74,3.33887,3.21129
74,3.33887,3.21129
74,3.64656,0.889883
74,3.33887,3.21129
74,3.33887,3.21129
74,3.33887,3.21129
74,3.33887,3.21129
74,3.33887,3.21129
74,2.99583,-1.0589
74,3.33887,3.21129
74,3.04307,-0.591344
74,3.38654,3.07375
74,3.33887,3.21129
74,3.36515,3.16832
74,3.33887,3.21129
74,3.33887,3.21129
74,3.33887,3.21129
74,2.97714,-1.16798
74,3.33887,3.21129
74,3.3371,3.21108
74,3.33887,3.21129
74,3.38287,3.0935
74,3.26509,2.85605
74,3.03957,-0.634698
74,3.55589,1.41996
74,3.33887,3.21129
74,3.33887,3.21129
74,3.33887,3.21129
74,3.33887,3.21129
74,3.47131,2.32199
74,3.57743,1.23649
74,3.33887,3.21129
74,3.33887,3.21129
74,3.56934,1.30179
74,3.33887,3.21129
74,3.33887,3.21129
74,3.08577,0.028617
74,3.33887,3.21129
74,3.33887,3.21129
74,3.33887,3.21129
74,3.33887,3.21129
74,3.33887,3.21129
74,3.33887,3.21129
74,3.33887,3.21129
74,3.4506,2.54372
74,3.33887,3.21129
74,3.61945,0.977911
74,3.01373,-0.912873
74,3.33887,3.21129
74,3.33887,3.21129
75,3.33887,3.21129
75,3.52135,1.76726
75,3.33887,3.21129
75,3.33887,3.21129
75,3.33887,3.21129
75,3.33887,3.21129
75,3.33887,3.21129
75,3.33887,3.21129
75,2.88393,-1.06092
75,3.33887,3.21129
75,3.33887,3.21129
75,3.33887,3.21129
75,3.33887,3.21129
75,3.33887,3.21129
75,3.33887,3.21129
75,3.33887,3.21129
75,3.33887,3.21129
75,3.33887,3.21129
75,3.5278,1.69855
75,3.33887,3.21129
75,3.33887,3.21129
75,2.9188,-1.22019
75,3.33887,3.21129
75,3.33887,3.21129
75,3.33887,3.21129
75,3.33887,3.21129
75,3.38056,3.10519
75,3.66518,0.866029
75,3.33887,3.21129
75,3.33887,3.21129
75,3.33887,3.21129
75,2.84419,-0.748272
75,3.33887,3.21129
75,3.33887,3.21129
75,3.52922,1.68365
75,3.56183,1.36635
75,3.33887,3.21129
75,3.33887,3.21129
75,3.23191,2.47666
75,3.33887,3.21129
75,3.33887,3.21129
75,3.36145,3.17944
75,3.33887,3.21129
75,3.33887,3.21129
75,3.33887,3.21129
75,3.33887,3.21129
75,3.33887,3.21129
75,3.33887,3.21129
75,2.93691,-1.24957
75,3.33887,3.21129
76,3.33887,3.21129
76,3.33887,3.21129
76,3.32849,3.20431
76,3.33887,3.21129
76,3.33887,3.21129
76,3.33887,3.21129
76,3.33887,3.21129
76,3.33887,3.21129
76,3.33887,3.21129
76,3.33887,3.21129
76,3.33887,3.21129
76,3.38056,3.10519
76,3.33887,3.21129
76,3.33887,3.21129
76,3.33887,3.21129
76,3.33887,3.21129
76,3.33887,3.21129
76,3.73765,1.01848
76,3.33887,3.21129
76,2.91083,-1.19512
76,3.33887,3.21129
76,3.33887,3.21129
76,3.33887,3.21129
76,3.61204,1.01301
76,3.20751,2.12697
76,3.33887,3.21129
76,3.33887,3.21129
76,3.33887,3.21129
76,3.33887,3.21129
76,3.10852,0.411554
76,3.33887,3.21129
76,3.33887,3.21129
76,3.33887,3.21129
76,3.33887,3.21129
76,3.33887,3.21129
76,3.33887,3.21129
76,3.33887,3.21129
76,3.33887,3.21129
76,3.33887,3.21129
76,3.33887,3.21129
76,3.33887,3.21129
76,3.33887,3.21129
76,3.33887,3.21129
76,3.33887,3.21129
76,3.33887,3.21129
76,3.33887,3.21129
76,2.87174,-0.97761
76,3.33887,3.21129
76,3.33887,3.21129
76,3.33887,3.21129
77,3.33887,3.21129
77,3.33887,3.21129
77,3.15938,1.31882
77,3.06347,-0.314529
77,3.33887,3.21129
77,3.33887,3.21129
77,3.00072,-1.02295
77,3.33887,3.21129
77,3.33887,3.21129
77,3.33887,3.21129
77,3.33887,3.21129
77,3.07839,-0.0889851
77,3.33887,3.21129
77,3.33887,3.21129
77,3.33887,3.21129
77,3.33887,3.21129
77,3.21036,2.17042
77,3.33887,3.21129
77,3.33887,3.21129
77,3.33887,3.21129
77,3.50307,1.96764
77,3.62681,0.947717
77,2.97272,-1.18717
77,3.33887,3.21129
77,3.33887,3.21129
77,3.33887,3.21129
77,3.33887,3.21129
77,3.33887,3.21129
77,3.33887,3.21129
77,3.33887,3.21129
77,3.33887,3.21129
77,3.33887,3.21129
77,3.33887,3.21129
77,3.33887,3.21129
77,3.33887,3.21129
77,3.33887,3.21129
77,3.24866,2.68347
77,3.33887,3.21129
77,3.80388,1.35225
77,3.33887,3.21129
77,3.33887,3.21129
77,2.9857,-1.12365
77,3.33887,3.21129
77,3.33887,3.21129
77,3.33887,3.21129
77,3.33887,3.21129
77,3.33887,3.21129
77,3.33887,3.21129
77,3.33887,3.21129
77,2.85533,-0.847027
78,3.33887,3.21129
78,3.33887,3.21129
78,3.33887,3.21129
78,3.33887,3.21129
78,2.91488,-1.20876
78,3.55794,1.40121
78,3.33887,3.21129
78,3.33887,3.21129
78,3.25026,2.70159
78,3.5258,1.71975
78,3.33887,3.21129
78,3.33887,3.21129
78,3.66021,0.869545
78,3.24866,2.68347
78,3.33887,3.21129
78,3.33887,3.21129
78,3.33887,3.21129
78,3.33887,3.21129
78,3.33887,3.21129
78,3.33887,3.21129
78,3.53271,1.64734
78,3.33887,3.21129
78,3.33887,3.21129
78,3.33887,3.21129
78,3.33887,3.21129
78,3.53499,1.62378
78,3.33887,3.21129
78,3.33887,3.21129
78,2.99838,-1.0405
78,3.33887,3.21129
78,3.33887,3.21129
78,3.33887,3.21129
78,3.33887,3.21129
78,3.33887,3.21129
78,3.33887,3.21129
78,3.33887,3.21129
78,3.33887,3.21129
78,3.22596,2.39628
78,3.33887,3.21129
78,3.33887,3.21129
78,3.33887,3.21129
78,3.33887,3.21129
78,3.26389,2.84448
78,3.33887,3.21129
78,2.97446,-1.17995
78,3.33887,3.21129
78,3.08027,-0.0594377
78,3.33887,3.21129
78,3.33887,3.21129
78,3.64791,0.887156
79,3.33887,3.21129
79,3.33887,3.21129
79,3.33887,3.21129
79,3.33887,3.21129
79,3.12879,0.769813
79,3.33887,3.21129
79,3.33887,3.21129
79,3.33887,3.21129
79,3.20295,2.05627
79,2.85787,-0.868548
79,3.33887,3.21129
79,3.33887,3.21129
79,3.33887,3.21129
79,3.50058,1.99547
79,3.33887,3.21129
79,3.48995,2.11446
79,3.64102,0.902695
79,3.33887,3.21129
79,3.01514,-0.899651
79,3.33887,3.21129
79,3.05476,-0.437503
79,3.33887,3.21129
79,3.33887,3.21129
79,2.9718,-1.19085
79,3.13607,0.900551
79,3.33887,3.21129
79,3.66282,0.867444
79,2.93018,-1.24324
79,3.09036,0.103699
79,3.33887,3.21129
79,3.33887,3.21129
79,3.33887,3.21129
79,3.33887,3.21129
79,3.33887,3.21129
79,3.33887,3.21129
79,3.33887,3.21129
79,3.63942,0.906887
79,3.33887,3.21129
79,3.64438,0.89461
79,3.33887,3.21129
79,3.33887,3.21129
79,3.33887,3.21129
79,3.33887,3.21129
79,3.33887,3.21129
79,3.33887,3.21129
79,3.33887,3.21129
79,3.33887,3.21129
79,3.33887,3.21129
79,3.33887,3.21129
79,3.33887,3.21129
80,3.33887,3.21129
80,3.33887,3.21129
80,3.48255,2.19721
80,3.33887,3.21129
80,3.33887,3.21129
80,3.33946,3.21127
80,3.50502,1.94594
80,3.33887,3.21129
80,3.33887,3.21129
80,3.33887,3.21129
80,3.33887,3.21129
80,3.73374,1.00232
80,3.27703,2.9612
80,3.33887,3.21129
80,3.82668,1.46773
80,3.33887,3.21129
80,3.33887,3.21129
80,3.71762,0.943419
80,3.44807,2.56971
80,2.98811,-1.10943
80,3.33887,3.21129
80,3.50233,1.97598
80,3.33887,3.21129
80,3.33887,3.21129
80,3.33887,3.21129
80,3.33887,3.21129
80,3.33887,3.21129
80,3.33887,3.21129
80,3.33887,3.21129
80,3.33887,3.21129
80,3.33887,3.21129
80,3.33887,3.21129
80,3.33887,3.21129
80,3.33887,3.21129
80,3.33887,3.21129
80,3.33887,3.21129
80,3.33887,3.21129
80,3.33887,3.21129
80,3.33887,3.21129
80,3.33887,3.21129
80,3.33887,3.21129
80,3.33887,3.21129
80,3.33887,3.21129
80,3.33887,3.21129
80,3.6368,0.91424
80,3.63942,0.906887
80,3.36315,3.17453
80,3.33887,3.21129
80,3.33887,3.21129
80,2.98524,-1.12623
81,3.33887,3.21129
81,3.33887,3.21129
81,3.33887,3.21129
81,3.33887,3.21129
81,3.33887,3.21129
81,3.33887,3.21129
81,3.33887,3.21129
81,3.39717,3.00892
81,3.33887,3.21129
81,3.33887,3.21129
81,3.33887,3.21129
81,3.33887,3.21129
81,3.33887,3.21129
81,3.33887,3.21129
81,3.33887,3.21129
81,3.3556,3.19372
81,3.33887,3.21129
81,3.33887,3.21129
81,3.33887,3.21129
81,3.33887,3.21129
81,3.80049,1.33438
81,3.33887,3.21129
81,3.33887,3.21129
81,3.33887,3.21129
81,3.30362,3.13018
81,3.33887,3.21129
81,3.33887,3.21129
81,3.33887,3.21129
81,3.33887,3.21129
81,3.33887,3.21129
81,3.42801,2.76426
81,3.0991,0.249677
81,3.33887,3.21129
81,3.80379,1.35176
81,3.33887,3.21129
81,3.33887,3.21129
81,3.33887,3.21129
81,3.33887,3.21129
81,3.33887,3.21129
81,3.33887,3.21129
81,3.7269,0.975696
81,3.33887,3.21129
81,3.33887,3.21129
81,3.37358,3.13708
81,3.33887,3.21129
81,3.33887,3.21129
81,3.52941,1.68167
81,3.33887,3.21129
81,3.33887,3.21129
81,3.33887,3.21129
82,3.33887,3.21129
82,3.33887,3.21129
82,3.51572,1.82815
82,3.58903,1.15114
82,3.04068,-0.621104
82,2.9962,-1.05629
82,3.33887,3.21129
82,3.33887,3.21129
82,3.33887,3.21129
82,3.33887,3.21129
82,2.95325,-1.24149
82,3.33887,3.21129
82,3.33887,3.21129
82,3.33887,3.21129
82,3.33887,3.21129
82,3.33887,3.21129
82,2.8501,-0.801563
82,3.33887,3.21129
82,3.33887,3.21129
82,3.33887,3.21129
82,3.33887,3.21129
82,3.33887,3.21129
82,3.33887,3.21129
82,3.51617,1.82331
82,3.33887,3.21129
82,3.33887,3.21129
82,3.37865,3.11446
82,3.33887,3.21129
82,3.14409,1.045
82,3.26574,2.86216
82,3.33887,3.21129
82,3.11919,0.59882
82,3.33887,3.21129
82,3.33887,3.21129
82,3.33887,3.21129
82,3.33887,3.21129
82,3.66509,0.866074
82,3.33887,3.21129
82,3.14236,1.01385
82,2.97374,-1.18298
82,3.33887,3.21129
82,3.06714,-0.260725
82,3.06864,-0.238471
82,3.51123,1.87729
82,3.33887,3.21129
82,3.33887,3.21129
82,3.33887,3.21129
82,3.16362,1.39406
82,3.33887,3.21129
82,3.09031,0.102787
83,3.66509,0.866074
83,3.33887,3.21129
83,3.33887,3.21129
83,3.09031,0.102787
83,3.33887,3.21129
83,3.33887,3.21129
83,3.33887,3.21129
83,3.33887,3.21129
83,3.33887,3.21129
83,3.33887,3.21129
83,3.33887,3.21129
83,3.33887,3.21129
83,3.33887,3.21129
83,3.16158,1.35794
83,3.33887,3.21129
83,3.33887,3.21129
83,3.29455,3.08287
83,3.33887,3.21129
83,3.33887,3.21129
83,3.26837,2.88667
83,3.33887,3.21129
83,3.51572,1.82815
83,3.33887,3.21129
83,3.33887,3.21129
83,3.33887,3.21129
83,3.33887,3.21129
83,3.33887,3.21129
83,3.21607,2.25551
83,3.33887,3.21129
83,3.33887,3.21129
83,3.33887,3.21129
83,3.33887,3.21129
83,3.33887,3.21129
83,3.12522,0.706074
83,3.33887,3.21129
83,3.33887,3.21129
83,3.33887,3.21129
83,3.26574,2.86216
83,3.55898,1.39181
83,3.33887,3.21129
83,3.33887,3.21129
83,3.33887,3.21129
83,3.5023,1.97629
83,3.33887,3.21129
83,3.33887,3.21129
83,3.33887,3.21129
83,3.72952,0.985642
83,3.20205,2.04201
83,3.33887,3.21129
83,3.2887,3.04661
84,3.33887,3.21129
84,3.33887,3.21129
84,3.33887,3.21129
84,3.33887,3.21129
84,3.33887,3.21129
84,3.33887,3.21129
84,3.33887,3.21129
84,3.33887,3.21129
84,3.33887,3.21129
84,3.33887,3.21129
84,3.51608,1.82422
84,3.33887,3.21129
84,3.074,-0.157155
84,3.33887,3.21129
84,3.25525,2.7564
84,3.33887,3.21129
84,3.39781,3.0046
84,3.33887,3.21129
84,3.33887,3.21129
84,2.9651,-1.21428
84,3.33887,3.21129
84,3.4573,2.47357
84,3.03143,-0.730494
84,3.25696,2.77456
84,3.70747,0.913693
84,3.33887,3.21129
84,3.33887,3.21129
84,3.33887,3.21129
84,3.33887,3.21129
84,3.33887,3.21129
84,3.57655,1.24341
84,3.33887,3.21129
84,3.33887,3.21129
84,3.78626,1.25852
84,3.33887,3.21129
84,3.33887,3.21129
84,3.33887,3.21129
84,2.8865,-1.0768
84,3.33887,3.21129
84,3.33887,3.21129
84,3.33887,3.21129
84,3.33887,3.21129
84,3.33887,3.21129
84,3.43454,2.70347
84,3.33887,3.21129
84,3.33887,3.21129
84,3.33887,3.21129
84,3.33887,3.21129
84,3.08416,0.00257719
84,3.33887,3.21129
85,3.33887,3.21129
85,3.33887,3.21129
85,3.33887,3.21129
85,3.33887,3.21129
85,3.33887,3.21129
85,3.33887,3.21129
85,3.15371,1.21765
85,3.33887,3.21129
85,3.33887,3.21129
85,3.33887,3.21129
85,3.33887,3.21129
85,3.33887,3.21129
85,2.97773,-1.16524
85,2.94647,-1.24894
85,3.33887,3.21129
85,3.33887,3.21129
85,3.13471,0.876126
85,3.33887,3.21129
85,2.933,-1.24656
85,2.89187,-1.10803
85,3.33887,3.21129
85,3.33887,3.21129
85,3.33887,3.21129
85,3.33887,3.21129
85,3.33887,3.21129
85,3.33887,3.21129
85,3.33887,3.21129
85,3.54544,1.5191
85,3.33887,3.21129
85,3.33887,3.21129
85,3.33887,3.21129
85,3.33887,3.21129
85,3.09982,0.262042
85,3.33887,3.21129
85,3.82882,1.47793
85,3.33887,3.21129
85,3.33887,3.21129
85,3.33887,3.21129
85,3.33887,3.21129
85,3.33887,3.21129
85,3.29299,3.07367
85,3.33887,3.21129
85,3.33887,3.21129
85,3.33887,3.21129
85,3.33887,3.21129
85,3.33887,3.21129
85,3.33887,3.21129
85,3.33887,3.21129
85,3.25344,2.73682
85,3.77168,1.18147
86,3.33887,3.21129
86,3.83246,1.49495
86,3.47952,2.23107
86,3.33887,3.21129
86,3.27155,2.91508
86,3.33887,3.21129
86,3.08773,0.0604665
86,3.63567,0.917585
86,2.98323,-1.13738
86,3.33887,3.21129
86,3.18527,1.76845
86,3.33887,3.21129
86,2.96449,-1.21614
86,3.33887,3.21129
86,2.93304,-1.24661
86,3.33887,3.21129
86,3.33887,3.21129
86,3.33887,3.21129
86,3.33887,3.21129
86,3.71738,0.942656
86,3.33887,3.21129
86,3.2321,2.47919
86,3.33887,3.21129
86,3.33887,3.21129
86,3.33887,3.21129
86,3.33887,3.21129
86,3.33887,3.21129
86,3.33887,3.21129
86,3.33887,3.21129
86,3.5851,1.17891
86,3.33887,3.21129
86,3.11436,0.513614
86,3.33887,3.21129
86,3.33887,3.21129
86,3.33887,3.21129
86,3.47105,2.32482
86,3.664,0.866677
86,3.33887,3.21129
86,3.70366,0.904175
86,3.33887,3.21129
86,3.33887,3.21129
86,3.33887,3.21129
86,2.90616,-1.17719
86,3.33887,3.21129
86,3.33887,3.21129
86,3.33887,3.21129
86,3.58449,1.18336
86,3.71709,0.94171
86,3.39408,3.02889
86,3.33887,3.21129
87,3.33887,3.21129
87,3.33887,3.21129
87,2.9804,-1.15222
87,3.33887,3.21129
87,3.79355,1.29744
87,3.33887,3.21129
87,3.33887,3.21129
87,3.33887,3.21129
87,3.33887,3.21129
87,3.44498,2.60114
87,3.33887,3.21129
87,3.33887,3.21129
87,3.33887,3.21129
87,3.33887,3.21129
87,3.33887,3.21129
87,3.33887,3.21129
87,3.33887,3.21129
87,3.33887,3.21129
87,3.75092,1.07789
87,3.33887,3.21129
87,3.33887,3.21129
87,3.33887,3.21129
87,3.33887,3.21129
87,3.27128,2.91275
87,3.33887,3.21129
87,3.33887,3.21129
87,3.33887,3.21129
87,3.33887,3.21129
87,3.40789,2.93268
87,3.66459,0.866339
87,3.33887,3.21129
87,3.79648,1.31306
87,3.33887,3.21129
87,3.33887,3.21129
87,3.33887,3.21129
87,3.33887,3.21129
87,3.33887,3.21129
87,3.33887,3.21129
87,3.33887,3.21129
87,3.33887,3.21129
87,3.61628,0.992344
87,3.33887,3.21129
87,3.33887,3.21129
87,3.33887,3.21129
87,3.0489,-0.516286
87,3.33887,3.21129
87,3.33887,3.21129
87,3.39408,3.02889
87,3.33887,3.21129
87,3.33887,3.21129
88,3.33887,3.21129
88,3.33887,3.21129
88,3.33887,3.21129
88,3.33887,3.21129
88,3.33887,3.21129
88,3.33887,3.21129
88,3.33887,3.21129
88,3.33887,3.21129
88,3.33887,3.21129
88,3.33887,3.21129
88,3.21773,2.27987
88,3.33887,3.21129
88,3.78521,1.25291
88,3.33887,3.21129
88,3.33887,3.21129
88,3.33887,3.21129
88,3.63913,0.907686
88,3.33887,3.21129
88,3.33887,3.21129
88,3.33887,3.21129
88,2.901,-1.15462
88,3.33887,3.21129
88,3.03908,-0.64068
88,3.33887,3.21129
88,3.33887,3.21129
88,3.00428,-0.994882
88,3.33887,3.21129
88,3.33887,3.21129
88,3.33887,3.21129
88,3.33887,3.21129
88,3.36384,3.17244
88,3.71651,0.939866
88,3.33887,3.21129
88,3.33887,3.21129
88,3.33887,3.21129
88,3.33887,3.21129
88,3.33887,3.21129
88,3.33887,3.21129
88,3.33887,3.21129
88,3.81943,1.4322
88,3.33887,3.21129
88,3.33887,3.21129
88,3.33887,3.21129
88,2.86442,-0.921793
88,3.33887,3.21129
88,3.33887,3.21129
88,3.33887,3.21129
88,3.33887,3.21129
88,3.33887,3.21129
88,3.33887,3.21129
89,3.33887,3.21129
89,3.33887,3.21129
89,3.33887,3.21129
89,3.33887,3.21129
89,3.33887,3.21129
89,3.33887,3.21129
89,3.37017,3.15068
89,3.33887,3.21129
89,3.33887,3.21129
89,3.33887,3.21129
89,3.33887,3.21129
89,3.33887,3.21129
89,3.33887,3.21129
89,3.33887,3.21129
89,3.33887,3.21129
89,3.33887,3.21129
89,3.33887,3.21129
89,3.2498,2.69638
89,3.33887,3.21129
89,3.33887,3.21129
89,3.33887,3.21129
89,3.33887,3.21129
89,3.33887,3.21129
89,3.33887,3.21129
89,3.33887,3.21129
89,3.33887,3.21129
89,3.33887,3.21129
89,3.33887,3.21129
89,3.33887,3.21129
89,3.33887,3.21129
89,3.33887,3.21129
89,3.33887,3.21129
89,3.33887,3.21129
89,3.33887,3.21129
89,3.53312,1.64303
89,3.29323,3.0751
89,3.10772,0.397666
89,3.33887,3.21129
89,3.33887,3.21129
89,3.30865,3.15177
89,3.12944,0.781581
89,3.44711,2.57954
89,3.10919,0.423124
89,3.33887,3.21129
89,2.91498,-1.20906
89,3.33887,3.21129
89,3.33887,3.21129
89,3.33887,3.21129
89,3.33887,3.21129
89,3.33887,3.21129
90,3.33887,3.21129
90,3.33887,3.21129
90,3.33887,3.21129
90,3.33887,3.21129
90,3.33887,3.21129
90,3.33887,3.21129
90,3.06702,-0.262604
90,3.33887,3.21129
90,3.33887,3.21129
90,3.33887,3.21129
90,3.33887,3.21129
90,3.33887,3.21129
90,3.64108,0.902535
90,3.1802,1.68258
90,3.33887,3.21129
90,3.33887,3.21129
90,3.33887,3.21129
90,3.33887,3.21129
90,2.87803,-1.02217
90,3.10919,0.423124
90,3.33887,3.21129
90,3.37024,3.15041
90,3.33887,3.21129
90,3.33887,3.21129
90,3.33887,3.21129
90,3.33887,3.21129
90,3.53312,1.64303
90,3.33887,3.21129
90,3.33887,3.21129
90,3.33887,3.21129
90,3.33887,3.21129
90,3.33887,3.21129
90,3.28901,3.04864
90,3.33887,3.21129
90,3.33887,3.21129
90,3.33887,3.21129
90,2.84609,-0.765675
90,3.33887,3.21129
90,2.91608,-1.21246
90,3.33887,3.21129
90,3.33887,3.21129
90,3.78994,1.27817
90,3.33887,3.21129
90,3.33887,3.21129
90,3.68882,0.876433
90,3.33887,3.21129
90,3.33887,3.21129
90,3.33887,3.21129
90,3.33887,3.21129
90,3.33887,3.21129
91,3.33887,3.21129
91,3.33887,3.21129
91,3.33887,3.21129
91,3.66795,0.864958
91,3.33887,3.21129
91,3.33887,3.21129
91,3.19852,1.98601
91,3.50966,1.89463
91,3.33887,3.21129
91,3.33887,3.21129
91,3.33887,3.21129
91,3.33887,3.21129
91,3.33887,3.21129
91,3.33887,3.21129
91,3.33887,3.21129
91,3.65985,0.869872
91,3.33887,3.21129
91,3.33887,3.21129
91,3.33887,3.21129
91,3.33887,3.21129
91,3.33887,3.21129
91,3.33887,3.21129
91,3.33887,3.21129
91,3.33887,3.21129
91,3.33887,3.21129
91,3.33887,3.21129
91,3.55125,1.46325
91,3.33887,3.21129
91,3.33887,3.21129
91,3.61214,1.01253
91,3.33887,3.21129
91,2.85019,-0.802424
91,3.51782,1.80529
91,3.33887,3.21129
91,3.74067,1.03141
91,3.33887,3.21129
91,3.39132,3.04596
91,3.33887,3.21129
91,3.33887,3.21129
91,3.20773,2.13045
91,3.33887,3.21129
91,3.33887,3.21129
91,3.33887,3.21129
91,3.36525,3.168
91,3.33887,3.21129
91,3.16882,1.48562
91,3.33887,3.21129
91,3.33887,3.21129
91,3.33887,3.21129
91,3.33887,3.21129
92,3.33887,3.21129
92,2.87145,-0.9755
92,3.26703,2.87434
92,3.33887,3.21129
92,3.33887,3.21129
92,3.33887,3.21129
92,3.33887,3.21129
92,3.33887,3.21129
92,3.33887,3.21129
92,3.51782,1.80529
92,3.22567,2.39229
92,3.33887,3.21129
92,3.33887,3.21129
92,3.33887,3.21129
92,3.33887,3.21129
92,3.33887,3.21129
92,3.33887,3.21129
92,3.33887,3.21129
92,3.33887,3.21129
92,3.33887,3.21129
92,3.81957,1.43289
92,3.33887,3.21129
92,3.7388,1.02337
92,3.33887,3.21129
92,3.33887,3.21129
92,3.33887,3.21129
92,3.33887,3.21129
92,3.70533,0.908232
92,3.33887,3.21129
92,3.33887,3.21129
92,3.33887,3.21129
92,3.33887,3.21129
92,2.86826,-0.951591
92,3.64075,0.903399
92,3.33887,3.21129
92,3.33887,3.21129
92,3.33887,3.21129
92,3.33887,3.21129
92,3.18304,1.73082
92,3.61512,0.997848
92,3.33887,3.21129
92,3.33887,3.21129
92,3.33887,3.21129
92,3.33887,3.21129
92,3.72278,0.960802
92,3.33887,3.21129
92,2.91445,-1.2074
92,3.33887,3.21129
92,3.33887,3.21129
92,3.33887,3.21129
93,3.33887,3.21129
93,3.399,2.99663
93,3.33887,3.21129
93,3.33887,3.21129
93,3.33887,3.21129
93,3.33887,3.21129
93,3.10368,0.327978
93,3.33887,3.21129
93,3.33887,3.21129
93,3.66772,0.865022
93,3.49296,2.08073
93,3.33887,3.21129
93,3.33887,3.21129
93,3.33887,3.21129
93,3.33887,3.21129
93,3.33887,3.21129
93,3.33887,3.21129
93,3.03644,-0.672357
93,3.33887,3.21129
93,3.33887,3.21129
93,3.33887,3.21129
93,3.33887,3.21129
93,3.33887,3.21129
93,3.20031,2.01459
93,3.33887,3.21129
93,3.02056,-0.846755
93,3.33887,3.21129
93,3.34895,3.20488
93,3.33887,3.21129
93,3.33887,3.21129
93,3.53186,1.65611
93,3.33887,3.21129
93,3.33887,3.21129
93,3.33887,3.21129
93,3.33887,3.21129
93,3.6318,0.92991
93,3.33887,3.21129
93,3.33887,3.21129
93,3.33887,3.21129
93,3.33887,3.21129
93,3.65177,0.880253
93,3.33887,3.21129
93,3.33887,3.21129
93,3.33887,3.21129
93,3.69601,0.887964
93,3.80273,1.3462
93,3.74499,1.05054
93,3.68343,0.870257
93,3.57236,1.27692
93,3.33887,3.21129
94,3.33887,3.21129
94,3.33887,3.21129
94,3.33887,3.21129
94,3.2043,2.07737
94,3.33887,3.21129
94,3.33887,3.21129
94,3.33887,3.21129
94,3.33887,3.21129
94,3.33887,3.21129
94,3.33887,3.21129
94,3.33887,3.21129
94,3.8285,1.47641
94,3.33887,3.21129
94,3.33887,3.21129
94,3.33887,3.21129
94,3.33887,3.21129
94,3.33887,3.21129
94,3.33887,3.21129
94,3.33887,3.21129
94,3.33887,3.21129
94,3.33887,3.21129
94,3.33887,3.21129
94,3.33887,3.21129
94,3.33887,3.21129
94,3.33887,3.21129
94,3.33887,3.21129
94,3.33887,3.21129
94,3.82975,1.48229
94,3.33887,3.21129
94,3.33887,3.21129
94,3.69323,0.883079
94,3.399,2.99663
94,3.33887,3.21129
94,3.33887,3.21129
94,3.16233,1.37116
94,3.33887,3.21129
94,3.33887,3.21129
94,3.34895,3.20488
94,3.25875,2.79318
94,3.33887,3.21129
94,3.33887,3.21129
94,2.92702,-1.23837
94,3.33887,3.21129
94,3.45229,2.52613
94,3.40607,2.94637
94,3.33887,3.21129
94,3.33887,3.21129
94,3.33887,3.21129
94,3.33887,3.21129
94,3.33887,3.21129
95,3.33887,3.21129
95,3.33887,3.21129
95,3.33887,3.21129
95,3.33887,3.21129
95,3.33887,3.21129
95,3.33887,3.21129
95,3.33887,3.21129
95,3.42569,2.78523
95,3.33887,3.21129
95,3.33887,3.21129
95,3.33887,3.21129
95,3.33887,3.21129
95,2.93709,-1.24967
95,3.79916,1.32728
95,3.33887,3.21129
95,3.33887,3.21129
95,3.33887,3.21129
95,3.33887,3.21129
95,3.33887,3.21129
95,3.33887,3.21129
95,3.33887,3.21129
95,3.08567,0.0269773
95,3.33887,3.21129
95,3.33887,3.21129
95,3.33887,3.21129
95,3.33887,3.21129
95,3.33887,3.21129
95,3.60899,1.02882
95,3.33887,3.21129
95,3.33887,3.21129
95,3.33887,3.21129
95,3.33887,3.21129
95,3.08862,0.0749713
95,3.33887,3.21129
95,3.33887,3.21129
95,3.33887,3.21129
95,3.33887,3.21129
95,3.33887,3.21129
95,3.33887,3.21129
95,3.33887,3.21129
95,3.33887,3.21129
95,3.33887,3.21129
95,3.33887,3.21129
95,3.33887,3.21129
95,3.33887,3.21129
95,3.71812,0.945054
95,3.41484,2.87801
95,3.33887,3.21129
95,3.29816,3.103
95,3.33887,3.21129
96,3.33887,3.21129
96,3.33887,3.21129
96,3.33887,3.21129
96,3.33887,3.21129
96,3.33887,3.21129
96,3.33887,3.21129
96,3.33887,3.21129
96,3.33887,3.21129
96,3.33887,3.21129
96,3.33887,3.21129
96,3.33887,3.21129
96,3.39511,3.0223
96,3.27265,2.92465
96,3.28492,3.02089
96,3.33887,3.21129
96,3.33887,3.21129
96,3.48989,2.11515
96,3.33887,3.21129
96,3.33887,3.21129
96,3.33887,3.21129
96,3.58827,1.1564
96,3.33887,3.21129
96,3.33887,3.21129
96,3.33887,3.21129
96,2.97766,-1.16559
96,3.72974,0.986489
96,3.33887,3.21129
96,3.33887,3.21129
96,3.33887,3.21129
96,3.33887,3.21129
96,3.33887,3.21129
96,3.05693,-0.407513
96,3.33887,3.21129
96,3.33887,3.21129
96,2.83902,-0.700123
96,3.33887,3.21129
96,3.33887,3.21129
96,3.7924,1.29131
96,3.41484,2.87801
96,2.85394,-0.83513
96,3.62855,0.941276
96,3.33887,3.21129
96,3.33887,3.21129
96,3.69432,0.884928
96,3.33887,3.21129
96,3.77502,1.19893
96,3.33887,3.21129
96,3.33887,3.21129
96,3.33887,3.21129
96,3.78489,1.25122
97,3.65377,0.877167
97,3.33887,3.21129
97,3.33887,3.21129
97,3.33887,3.21129
97,3.33887,3.21129
97,3.33887,3.21129
97,3.33887,3.21129
97,3.33887,3.21129
97,3.33887,3.21129
97,3.33887,3.21129
97,3.62047,0.973452
97,3.33887,3.21129
97,3.33887,3.21129
97,3.33887,3.21129
97,3.33887,3.21129
97,3.33887,3.21129
97,3.43272,2.72068
97,3.33887,3.21129
97,3.45375,2.51093
97,3.33887,3.21129
97,3.33887,3.21129
97,3.33887,3.21129
97,3.33887,3.21129
97,3.33887,3.21129
97,3.33887,3.21129
97,3.33887,3.21129
97,3.33887,3.21129
97,3.33887,3.21129
97,3.33887,3.21129
97,3.40874,2.92627
97,3.33887,3.21129
97,3.33887,3.21129
97,3.33887,3.21129
97,3.33887,3.21129
97,3.33887,3.21129
97,3.33887,3.21129
97,3.33887,3.21129
97,3.33887,3.21129
97,3.33887,3.21129
97,3.33887,3.21129
97,3.33887,3.21129
97,3.68518,0.872023
97,3.33887,3.21129
97,3.39352,3.0324
97,3.33887,3.21129
97,2.87596,-1.00784
97,3.33887,3.21129
97,3.33887,3.21129
97,3.33887,3.21129
97,3.33887,3.21129
98,3.33887,3.21129
98,3.33887,3.21129
98,3.33887,3.21129
98,2.9609,-1.226
98,3.33887,3.21129
98,3.33887,3.21129
98,3.16702,1.45396
98,3.33887,3.21129
98,3.33887,3.21129
98,3.33887,3.21129
98,3.33887,3.21129
98,3.51787,1.80475
98,3.33887,3.21129
98,3.33887,3.21129
98,3.48325,2.18944
98,3.33887,3.21129
98,3.67031,0.864538
98,3.33887,3.21129
98,3.33887,3.21129
98,3.33887,3.21129
98,3.33887,3.21129
98,2.94293,-1.2505
98,3.34057,3.21111
98,3.33887,3.21129
98,3.33887,3.21129
98,3.33887,3.21129
98,3.33887,3.21129
98,3.33887,3.21129
98,3.33887,3.21129
98,3.33887,3.21129
98,2.86298,-0.910323
98,3.00889,-0.95621
98,3.33887,3.21129
98,3.33887,3.21129
98,3.33887,3.21129
98,3.01488,-0.902097
98,3.33887,3.21129
98,3.33887,3.21129
98,3.33887,3.21129
98,3.33887,3.21129
98,3.33887,3.21129
98,3.33887,3.21129
98,3.17907,1.66317
98,3.33887,3.21129
98,3.33887,3.21129
98,3.10774,0.398008
98,3.33887,3.21129
98,3.03015,-0.744878
98,3.33887,3.21129
98,3.56851,1.30875
99,3.33887,3.21129
99,3.33887,3.21129
99,3.33887,3.21129
99,3.33887,3.21129
99,3.33887,3.21129
99,3.33887,3.21129
99,2.87588,-1.00733
99,3.33887,3.21129
99,3.33887,3.21129
99,3.33887,3.21129
99,3.33887,3.21129
99,3.33887,3.21129
99,3.33887,3.21129
99,3.33887,3.21129
99,3.17951,1.67067
99,3.33887,3.21129
99,3.33887,3.21129
99,3.16702,1.45396
99,3.33887,3.21129
99,3.33887,3.21129
99,3.33887,3.21129
99,3.43421,2.70662
99,3.33887,3.21129
99,3.33887,3.21129
99,3.80347,1.35009
99,3.39374,3.031
99,3.33887,3.21129
99,3.33887,3.21129
99,3.33887,3.21129
99,3.33887,3.21129
99,3.33887,3.21129
99,3.33887,3.21129
99,3.33887,3.21129
99,3.33887,3.21129
99,3.33887,3.21129
99,3.33887,3.21129
99,3.06324,-0.31794
99,3.33887,3.21129
99,3.33887,3.21129
99,3.33887,3.21129
99,3.33887,3.21129
99,3.33887,3.21129
99,3.33887,3.21129
99,3.33887,3.21129
99,3.06786,-0.250126
99,3.33887,3.21129
99,3.33887,3.21129
99,3.33887,3.21129
99,3.33887,3.21129
99,3.34987,3.20366
